DATAFLOW,FREQ,REF_AREA,MEASURE,UNIT_MEASURE,SECTOR,EDITION,CATEGORY,TIME_PERIOD,OBS_VALUE,OBS_STATUS,UNIT_MULT,PRICE_BASE,BASE_PER
OECD.GOV.GIP:DSD_GOV@DF_GOV_PF_YU(1.0),A,IRL,GGD,PT_B1GQ,S13,YU,PF,2010,83.356,A,0,_Z,
OECD.GOV.GIP:DSD_GOV@DF_GOV_PF_YU(1.0),A,IRL,GGD,PT_B1GQ,S13,YU,PF,2011,109.771,A,0,_Z,
OECD.GOV.GIP:DSD_GOV@DF_GOV_PF_YU(1.0),A,ROU,GGD,PT_B1GQ,S13,YU,PF,2009,28.975,A,0,_Z,
OECD.GOV.GIP:DSD_GOV@DF_GOV_PF_YU(1.0),A,ROU,GGD,PT_B1GQ,S13,YU,PF,2010,35.394,A,0,_Z,
OECD.GOV.GIP:DSD_GOV@DF_GOV_PF_YU(1.0),A,ROU,GGD,PT_B1GQ,S13,YU,PF,2011,39.879,A,0,_Z,
OECD.GOV.GIP:DSD_GOV@DF_GOV_PF_YU(1.0),A,CHL,GGD,PT_B1GQ,S13,YU,PF,2015,24.293,A,0,_Z,
OECD.GOV.GIP:DSD_GOV@DF_GOV_PF_YU(1.0),A,JPN,GGD,PT_B1GQ,S13,YU,PF,2015,220.661,A,0,_Z,
OECD.GOV.GIP:DSD_GOV@DF_GOV_PF_YU(1.0),A,ESP,GGD,PT_B1GQ,S13,YU,PF,2015,120.046,A,0,_Z,
OECD.GOV.GIP:DSD_GOV@DF_GOV_PF_YU(1.0),A,ROU,GGD,PT_B1GQ,S13,YU,PF,2016,49.018,A,0,_Z,
OECD.GOV.GIP:DSD_GOV@DF_GOV_PF_YU(1.0),A,ROU,GGD,PT_B1GQ,S13,YU,PF,2017,45.43,A,0,_Z,
OECD.GOV.GIP:DSD_GOV@DF_GOV_PF_YU(1.0),A,ROU,GGD,PT_B1GQ,S13,YU,PF,2018,43.411,A,0,_Z,
OECD.GOV.GIP:DSD_GOV@DF_GOV_PF_YU(1.0),A,ROU,GGD,PT_B1GQ,S13,YU,PF,2019,44.275,A,0,_Z,
OECD.GOV.GIP:DSD_GOV@DF_GOV_PF_YU(1.0),A,ROU,GGD,PT_B1GQ,S13,YU,PF,2020,58.858,A,0,_Z,
OECD.GOV.GIP:DSD_GOV@DF_GOV_PF_YU(1.0),A,ROU,GGD,PT_B1GQ,S13,YU,PF,2021,57.055,A,0,_Z,
OECD.GOV.GIP:DSD_GOV@DF_GOV_PF_YU(1.0),A,DNK,GGD,PT_B1GQ,S13,YU,PF,2016,57.066,A,0,_Z,
OECD.GOV.GIP:DSD_GOV@DF_GOV_PF_YU(1.0),A,DNK,GGD,PT_B1GQ,S13,YU,PF,2017,54.18,A,0,_Z,
OECD.GOV.GIP:DSD_GOV@DF_GOV_PF_YU(1.0),A,DNK,GGD,PT_B1GQ,S13,YU,PF,2018,52.71,A,0,_Z,
OECD.GOV.GIP:DSD_GOV@DF_GOV_PF_YU(1.0),A,DNK,GGD,PT_B1GQ,S13,YU,PF,2019,54.313,A,0,_Z,
OECD.GOV.GIP:DSD_GOV@DF_GOV_PF_YU(1.0),A,DNK,GGD,PT_B1GQ,S13,YU,PF,2020,63.816,A,0,_Z,
OECD.GOV.GIP:DSD_GOV@DF_GOV_PF_YU(1.0),A,ROU,GGD,PT_B1GQ,S13,YU,PF,2023,57.972,A,0,_Z,
OECD.GOV.GIP:DSD_GOV@DF_GOV_PF_YU(1.0),A,ROU,GGD,PT_B1GQ,S13,YU,PF,2007,16.691,A,0,_Z,
OECD.GOV.GIP:DSD_GOV@DF_GOV_PF_YU(1.0),A,ROU,GGD,PT_B1GQ,S13,YU,PF,2008,17.806,A,0,_Z,
OECD.GOV.GIP:DSD_GOV@DF_GOV_PF_YU(1.0),A,DNK,GGD,PT_B1GQ,S13,YU,PF,2010,58.425,A,0,_Z,
OECD.GOV.GIP:DSD_GOV@DF_GOV_PF_YU(1.0),A,DNK,GGD,PT_B1GQ,S13,YU,PF,2011,65.585,A,0,_Z,
OECD.GOV.GIP:DSD_GOV@DF_GOV_PF_YU(1.0),A,DNK,GGD,PT_B1GQ,S13,YU,PF,2012,65.329,A,0,_Z,
OECD.GOV.GIP:DSD_GOV@DF_GOV_PF_YU(1.0),A,DNK,GGD,PT_B1GQ,S13,YU,PF,2013,60.518,A,0,_Z,
OECD.GOV.GIP:DSD_GOV@DF_GOV_PF_YU(1.0),A,DNK,GGD,PT_B1GQ,S13,YU,PF,2014,63.804,A,0,_Z,
OECD.GOV.GIP:DSD_GOV@DF_GOV_PF_YU(1.0),A,ISL,GGD,PT_B1GQ,S13,YU,PF,2016,88.711,A,0,_Z,
OECD.GOV.GIP:DSD_GOV@DF_GOV_PF_YU(1.0),A,ISL,GGD,PT_B1GQ,S13,YU,PF,2017,77.941,A,0,_Z,
OECD.GOV.GIP:DSD_GOV@DF_GOV_PF_YU(1.0),A,ISL,GGD,PT_B1GQ,S13,YU,PF,2018,69.218,A,0,_Z,
OECD.GOV.GIP:DSD_GOV@DF_GOV_PF_YU(1.0),A,ISL,GGD,PT_B1GQ,S13,YU,PF,2019,71.803,A,0,_Z,
OECD.GOV.GIP:DSD_GOV@DF_GOV_PF_YU(1.0),A,ISL,GGD,PT_B1GQ,S13,YU,PF,2020,84.74,A,0,_Z,
OECD.GOV.GIP:DSD_GOV@DF_GOV_PF_YU(1.0),A,ISL,GGD,PT_B1GQ,S13,YU,PF,2021,81.689,A,0,_Z,
OECD.GOV.GIP:DSD_GOV@DF_GOV_PF_YU(1.0),A,ISL,GGD,PT_B1GQ,S13,YU,PF,2022,74.161,A,0,_Z,
OECD.GOV.GIP:DSD_GOV@DF_GOV_PF_YU(1.0),A,ISL,GGD,PT_B1GQ,S13,YU,PF,2023,69.392,A,0,_Z,
OECD.GOV.GIP:DSD_GOV@DF_GOV_PF_YU(1.0),A,ISL,GGD,PT_B1GQ,S13,YU,PF,2007,73.463,A,0,_Z,
OECD.GOV.GIP:DSD_GOV@DF_GOV_PF_YU(1.0),A,ISL,GGD,PT_B1GQ,S13,YU,PF,2008,116.555,A,0,_Z,
OECD.GOV.GIP:DSD_GOV@DF_GOV_PF_YU(1.0),A,ISL,GGD,PT_B1GQ,S13,YU,PF,2009,134.994,A,0,_Z,
OECD.GOV.GIP:DSD_GOV@DF_GOV_PF_YU(1.0),A,ISL,GGD,PT_B1GQ,S13,YU,PF,2010,139.9,A,0,_Z,
OECD.GOV.GIP:DSD_GOV@DF_GOV_PF_YU(1.0),A,ISL,GGD,PT_B1GQ,S13,YU,PF,2011,145.254,A,0,_Z,
OECD.GOV.GIP:DSD_GOV@DF_GOV_PF_YU(1.0),A,ISL,GGD,PT_B1GQ,S13,YU,PF,2012,140.909,A,0,_Z,
OECD.GOV.GIP:DSD_GOV@DF_GOV_PF_YU(1.0),A,ISL,GGD,PT_B1GQ,S13,YU,PF,2013,128.673,A,0,_Z,
OECD.GOV.GIP:DSD_GOV@DF_GOV_PF_YU(1.0),A,ISL,GGD,PT_B1GQ,S13,YU,PF,2014,122.974,A,0,_Z,
OECD.GOV.GIP:DSD_GOV@DF_GOV_PF_YU(1.0),A,CZE,GGD,PT_B1GQ,S13,YU,PF,2023,48.645,A,0,_Z,
OECD.GOV.GIP:DSD_GOV@DF_GOV_PF_YU(1.0),A,CZE,GGD,PT_B1GQ,S13,YU,PF,2007,30.775,A,0,_Z,
OECD.GOV.GIP:DSD_GOV@DF_GOV_PF_YU(1.0),A,CZE,GGD,PT_B1GQ,S13,YU,PF,2008,33.221,A,0,_Z,
OECD.GOV.GIP:DSD_GOV@DF_GOV_PF_YU(1.0),A,CZE,GGD,PT_B1GQ,S13,YU,PF,2009,39.998,A,0,_Z,
OECD.GOV.GIP:DSD_GOV@DF_GOV_PF_YU(1.0),A,CZE,GGD,PT_B1GQ,S13,YU,PF,2010,43.897,A,0,_Z,
OECD.GOV.GIP:DSD_GOV@DF_GOV_PF_YU(1.0),A,ROU,GGD,PT_B1GQ,S13,YU,PF,2012,44.709,A,0,_Z,
OECD.GOV.GIP:DSD_GOV@DF_GOV_PF_YU(1.0),A,ROU,GGD,PT_B1GQ,S13,YU,PF,2013,47.749,A,0,_Z,
OECD.GOV.GIP:DSD_GOV@DF_GOV_PF_YU(1.0),A,ROU,GGD,PT_B1GQ,S13,YU,PF,2014,49.312,A,0,_Z,
OECD.GOV.GIP:DSD_GOV@DF_GOV_PF_YU(1.0),A,ROU,GGD,PT_B1GQ,S13,YU,PF,2015,47.29,A,0,_Z,
OECD.GOV.GIP:DSD_GOV@DF_GOV_PF_YU(1.0),A,CZE,GGD,PT_B1GQ,S13,YU,PF,2021,46.713,A,0,_Z,
OECD.GOV.GIP:DSD_GOV@DF_GOV_PF_YU(1.0),A,USA,GGD,PT_B1GQ,S13,YU,PF,2016,106.637,A,0,_Z,
OECD.GOV.GIP:DSD_GOV@DF_GOV_PF_YU(1.0),A,USA,GGD,PT_B1GQ,S13,YU,PF,2017,105.492,A,0,_Z,
OECD.GOV.GIP:DSD_GOV@DF_GOV_PF_YU(1.0),A,USA,GGD,PT_B1GQ,S13,YU,PF,2018,106.918,A,0,_Z,
OECD.GOV.GIP:DSD_GOV@DF_GOV_PF_YU(1.0),A,USA,GGD,PT_B1GQ,S13,YU,PF,2019,108.167,A,0,_Z,
OECD.GOV.GIP:DSD_GOV@DF_GOV_PF_YU(1.0),A,USA,GGD,PT_B1GQ,S13,YU,PF,2020,132.191,A,0,_Z,
OECD.GOV.GIP:DSD_GOV@DF_GOV_PF_YU(1.0),A,USA,GGD,PT_B1GQ,S13,YU,PF,2021,124.601,A,0,_Z,
OECD.GOV.GIP:DSD_GOV@DF_GOV_PF_YU(1.0),A,USA,GGD,PT_B1GQ,S13,YU,PF,2022,118.97,A,0,_Z,
OECD.GOV.GIP:DSD_GOV@DF_GOV_PF_YU(1.0),A,USA,GGD,PT_B1GQ,S13,YU,PF,2023,121.03,A,0,_Z,
OECD.GOV.GIP:DSD_GOV@DF_GOV_PF_YU(1.0),A,USA,GGD,PT_B1GQ,S13,YU,PF,2007,64.147,A,0,_Z,
OECD.GOV.GIP:DSD_GOV@DF_GOV_PF_YU(1.0),A,USA,GGD,PT_B1GQ,S13,YU,PF,2008,73.209,A,0,_Z,
OECD.GOV.GIP:DSD_GOV@DF_GOV_PF_YU(1.0),A,USA,GGD,PT_B1GQ,S13,YU,PF,2009,86.235,A,0,_Z,
OECD.GOV.GIP:DSD_GOV@DF_GOV_PF_YU(1.0),A,USA,GGD,PT_B1GQ,S13,YU,PF,2010,94.739,A,0,_Z,
OECD.GOV.GIP:DSD_GOV@DF_GOV_PF_YU(1.0),A,USA,GGD,PT_B1GQ,S13,YU,PF,2011,99.122,A,0,_Z,
OECD.GOV.GIP:DSD_GOV@DF_GOV_PF_YU(1.0),A,USA,GGD,PT_B1GQ,S13,YU,PF,2012,102.737,A,0,_Z,
OECD.GOV.GIP:DSD_GOV@DF_GOV_PF_YU(1.0),A,USA,GGD,PT_B1GQ,S13,YU,PF,2013,104.018,A,0,_Z,
OECD.GOV.GIP:DSD_GOV@DF_GOV_PF_YU(1.0),A,USA,GGD,PT_B1GQ,S13,YU,PF,2014,103.907,A,0,_Z,
OECD.GOV.GIP:DSD_GOV@DF_GOV_PF_YU(1.0),A,POL,GGD,PT_B1GQ,S13,YU,PF,2016,72.982,A,0,_Z,
OECD.GOV.GIP:DSD_GOV@DF_GOV_PF_YU(1.0),A,POL,GGD,PT_B1GQ,S13,YU,PF,2017,68.598,A,0,_Z,
OECD.GOV.GIP:DSD_GOV@DF_GOV_PF_YU(1.0),A,POL,GGD,PT_B1GQ,S13,YU,PF,2018,66.101,A,0,_Z,
OECD.GOV.GIP:DSD_GOV@DF_GOV_PF_YU(1.0),A,POL,GGD,PT_B1GQ,S13,YU,PF,2019,63.181,A,0,_Z,
OECD.GOV.GIP:DSD_GOV@DF_GOV_PF_YU(1.0),A,POL,GGD,PT_B1GQ,S13,YU,PF,2020,76.864,A,0,_Z,
OECD.GOV.GIP:DSD_GOV@DF_GOV_PF_YU(1.0),A,POL,GGD,PT_B1GQ,S13,YU,PF,2021,67.434,A,0,_Z,
OECD.GOV.GIP:DSD_GOV@DF_GOV_PF_YU(1.0),A,POL,GGD,PT_B1GQ,S13,YU,PF,2022,58.83,A,0,_Z,
OECD.GOV.GIP:DSD_GOV@DF_GOV_PF_YU(1.0),A,POL,GGD,PT_B1GQ,S13,YU,PF,2023,62.423,A,0,_Z,
OECD.GOV.GIP:DSD_GOV@DF_GOV_PF_YU(1.0),A,POL,GGD,PT_B1GQ,S13,YU,PF,2007,51.475,A,0,_Z,
OECD.GOV.GIP:DSD_GOV@DF_GOV_PF_YU(1.0),A,POL,GGD,PT_B1GQ,S13,YU,PF,2008,53.68,A,0,_Z,
OECD.GOV.GIP:DSD_GOV@DF_GOV_PF_YU(1.0),A,POL,GGD,PT_B1GQ,S13,YU,PF,2009,57.086,A,0,_Z,
OECD.GOV.GIP:DSD_GOV@DF_GOV_PF_YU(1.0),A,POL,GGD,PT_B1GQ,S13,YU,PF,2010,61.954,A,0,_Z,
OECD.GOV.GIP:DSD_GOV@DF_GOV_PF_YU(1.0),A,POL,GGD,PT_B1GQ,S13,YU,PF,2011,62.279,A,0,_Z,
OECD.GOV.GIP:DSD_GOV@DF_GOV_PF_YU(1.0),A,POL,GGD,PT_B1GQ,S13,YU,PF,2012,65.655,A,0,_Z,
OECD.GOV.GIP:DSD_GOV@DF_GOV_PF_YU(1.0),A,POL,GGD,PT_B1GQ,S13,YU,PF,2013,66.864,A,0,_Z,
OECD.GOV.GIP:DSD_GOV@DF_GOV_PF_YU(1.0),A,POL,GGD,PT_B1GQ,S13,YU,PF,2014,71.568,A,0,_Z,
OECD.GOV.GIP:DSD_GOV@DF_GOV_PF_YU(1.0),A,CHE,GGD,PT_B1GQ,S13,YU,PF,2016,41.648,A,0,_Z,
OECD.GOV.GIP:DSD_GOV@DF_GOV_PF_YU(1.0),A,CHE,GGD,PT_B1GQ,S13,YU,PF,2017,42.457,A,0,_Z,
OECD.GOV.GIP:DSD_GOV@DF_GOV_PF_YU(1.0),A,CHE,GGD,PT_B1GQ,S13,YU,PF,2018,40.282,A,0,_Z,
OECD.GOV.GIP:DSD_GOV@DF_GOV_PF_YU(1.0),A,CHE,GGD,PT_B1GQ,S13,YU,PF,2019,40.068,A,0,_Z,
OECD.GOV.GIP:DSD_GOV@DF_GOV_PF_YU(1.0),A,CHE,GGD,PT_B1GQ,S13,YU,PF,2020,43.794,A,0,_Z,
OECD.GOV.GIP:DSD_GOV@DF_GOV_PF_YU(1.0),A,CHE,GGD,PT_B1GQ,S13,YU,PF,2021,41.273,A,0,_Z,
OECD.GOV.GIP:DSD_GOV@DF_GOV_PF_YU(1.0),A,CHE,GGD,PT_B1GQ,S13,YU,PF,2022,37.307,A,0,_Z,
OECD.GOV.GIP:DSD_GOV@DF_GOV_PF_YU(1.0),A,CHE,GGD,PT_B1GQ,S13,YU,PF,2023,39.22,A,0,_Z,
OECD.GOV.GIP:DSD_GOV@DF_GOV_PF_YU(1.0),A,CHE,GGD,PT_B1GQ,S13,YU,PF,2007,45.939,A,0,_Z,
OECD.GOV.GIP:DSD_GOV@DF_GOV_PF_YU(1.0),A,CHE,GGD,PT_B1GQ,S13,YU,PF,2008,45.815,A,0,_Z,
OECD.GOV.GIP:DSD_GOV@DF_GOV_PF_YU(1.0),A,CHE,GGD,PT_B1GQ,S13,YU,PF,2009,44.334,A,0,_Z,
OECD.GOV.GIP:DSD_GOV@DF_GOV_PF_YU(1.0),A,CHE,GGD,PT_B1GQ,S13,YU,PF,2010,42.957,A,0,_Z,
OECD.GOV.GIP:DSD_GOV@DF_GOV_PF_YU(1.0),A,CHE,GGD,PT_B1GQ,S13,YU,PF,2011,43.226,A,0,_Z,
OECD.GOV.GIP:DSD_GOV@DF_GOV_PF_YU(1.0),A,CHE,GGD,PT_B1GQ,S13,YU,PF,2012,43.732,A,0,_Z,
OECD.GOV.GIP:DSD_GOV@DF_GOV_PF_YU(1.0),A,CHE,GGD,PT_B1GQ,S13,YU,PF,2013,42.992,A,0,_Z,
OECD.GOV.GIP:DSD_GOV@DF_GOV_PF_YU(1.0),A,CHE,GGD,PT_B1GQ,S13,YU,PF,2014,42.926,A,0,_Z,
OECD.GOV.GIP:DSD_GOV@DF_GOV_PF_YU(1.0),A,ITA,GGD,PT_B1GQ,S13,YU,PF,2016,153.124,A,0,_Z,
OECD.GOV.GIP:DSD_GOV@DF_GOV_PF_YU(1.0),A,ITA,GGD,PT_B1GQ,S13,YU,PF,2017,150.469,A,0,_Z,
OECD.GOV.GIP:DSD_GOV@DF_GOV_PF_YU(1.0),A,ITA,GGD,PT_B1GQ,S13,YU,PF,2018,145.675,A,0,_Z,
OECD.GOV.GIP:DSD_GOV@DF_GOV_PF_YU(1.0),A,ITA,GGD,PT_B1GQ,S13,YU,PF,2019,152.701,A,0,_Z,
OECD.GOV.GIP:DSD_GOV@DF_GOV_PF_YU(1.0),A,ITA,GGD,PT_B1GQ,S13,YU,PF,2020,181.175,A,0,_Z,
OECD.GOV.GIP:DSD_GOV@DF_GOV_PF_YU(1.0),A,ITA,GGD,PT_B1GQ,S13,YU,PF,2021,168.802,A,0,_Z,
OECD.GOV.GIP:DSD_GOV@DF_GOV_PF_YU(1.0),A,ITA,GGD,PT_B1GQ,S13,YU,PF,2022,144.876,A,0,_Z,
OECD.GOV.GIP:DSD_GOV@DF_GOV_PF_YU(1.0),A,DNK,GGD,PT_B1GQ,S13,YU,PF,2021,54.179,A,0,_Z,
OECD.GOV.GIP:DSD_GOV@DF_GOV_PF_YU(1.0),A,DNK,GGD,PT_B1GQ,S13,YU,PF,2022,38.984,A,0,_Z,
OECD.GOV.GIP:DSD_GOV@DF_GOV_PF_YU(1.0),A,DNK,GGD,PT_B1GQ,S13,YU,PF,2023,39.017,A,0,_Z,
OECD.GOV.GIP:DSD_GOV@DF_GOV_PF_YU(1.0),A,DNK,GGD,PT_B1GQ,S13,YU,PF,2007,36.665,A,0,_Z,
OECD.GOV.GIP:DSD_GOV@DF_GOV_PF_YU(1.0),A,DNK,GGD,PT_B1GQ,S13,YU,PF,2008,43.996,A,0,_Z,
OECD.GOV.GIP:DSD_GOV@DF_GOV_PF_YU(1.0),A,DNK,GGD,PT_B1GQ,S13,YU,PF,2009,53.928,A,0,_Z,
OECD.GOV.GIP:DSD_GOV@DF_GOV_PF_YU(1.0),A,KOR,GGD,PT_B1GQ,S13,YU,PF,2018,39.589,A,0,_Z,
OECD.GOV.GIP:DSD_GOV@DF_GOV_PF_YU(1.0),A,KOR,GGD,PT_B1GQ,S13,YU,PF,2019,41.69,A,0,_Z,
OECD.GOV.GIP:DSD_GOV@DF_GOV_PF_YU(1.0),A,KOR,GGD,PT_B1GQ,S13,YU,PF,2020,47.066,A,0,_Z,
OECD.GOV.GIP:DSD_GOV@DF_GOV_PF_YU(1.0),A,KOR,GGD,PT_B1GQ,S13,YU,PF,2021,47.593,A,0,_Z,
OECD.GOV.GIP:DSD_GOV@DF_GOV_PF_YU(1.0),A,KOR,GGD,PT_B1GQ,S13,YU,PF,2022,46.235,A,0,_Z,
OECD.GOV.GIP:DSD_GOV@DF_GOV_PF_YU(1.0),A,KOR,GGD,PT_B1GQ,S13,YU,PF,2023,,A,0,_Z,
OECD.GOV.GIP:DSD_GOV@DF_GOV_PF_YU(1.0),A,KOR,GGD,PT_B1GQ,S13,YU,PF,2007,25.423,A,0,_Z,
OECD.GOV.GIP:DSD_GOV@DF_GOV_PF_YU(1.0),A,KOR,GGD,PT_B1GQ,S13,YU,PF,2008,26.282,A,0,_Z,
OECD.GOV.GIP:DSD_GOV@DF_GOV_PF_YU(1.0),A,DEU,GGD,PT_B1GQ,S13,YU,PF,2016,76.508,A,0,_Z,
OECD.GOV.GIP:DSD_GOV@DF_GOV_PF_YU(1.0),A,DEU,GGD,PT_B1GQ,S13,YU,PF,2017,71.953,A,0,_Z,
OECD.GOV.GIP:DSD_GOV@DF_GOV_PF_YU(1.0),A,DEU,GGD,PT_B1GQ,S13,YU,PF,2018,68.874,A,0,_Z,
OECD.GOV.GIP:DSD_GOV@DF_GOV_PF_YU(1.0),A,DEU,GGD,PT_B1GQ,S13,YU,PF,2019,67.699,A,0,_Z,
OECD.GOV.GIP:DSD_GOV@DF_GOV_PF_YU(1.0),A,DEU,GGD,PT_B1GQ,S13,YU,PF,2020,80.749,A,0,_Z,
OECD.GOV.GIP:DSD_GOV@DF_GOV_PF_YU(1.0),A,DEU,GGD,PT_B1GQ,S13,YU,PF,2021,78.341,A,0,_Z,
OECD.GOV.GIP:DSD_GOV@DF_GOV_PF_YU(1.0),A,DEU,GGD,PT_B1GQ,S13,YU,PF,2022,64.518,A,0,_Z,
OECD.GOV.GIP:DSD_GOV@DF_GOV_PF_YU(1.0),A,DEU,GGD,PT_B1GQ,S13,YU,PF,2023,63.594,A,0,_Z,
OECD.GOV.GIP:DSD_GOV@DF_GOV_PF_YU(1.0),A,DEU,GGD,PT_B1GQ,S13,YU,PF,2007,66.346,A,0,_Z,
OECD.GOV.GIP:DSD_GOV@DF_GOV_PF_YU(1.0),A,DEU,GGD,PT_B1GQ,S13,YU,PF,2008,70.802,A,0,_Z,
OECD.GOV.GIP:DSD_GOV@DF_GOV_PF_YU(1.0),A,DEU,GGD,PT_B1GQ,S13,YU,PF,2009,77.392,A,0,_Z,
OECD.GOV.GIP:DSD_GOV@DF_GOV_PF_YU(1.0),A,DEU,GGD,PT_B1GQ,S13,YU,PF,2010,86.527,A,0,_Z,
OECD.GOV.GIP:DSD_GOV@DF_GOV_PF_YU(1.0),A,DEU,GGD,PT_B1GQ,S13,YU,PF,2011,85.467,A,0,_Z,
OECD.GOV.GIP:DSD_GOV@DF_GOV_PF_YU(1.0),A,DEU,GGD,PT_B1GQ,S13,YU,PF,2012,88.149,A,0,_Z,
OECD.GOV.GIP:DSD_GOV@DF_GOV_PF_YU(1.0),A,DEU,GGD,PT_B1GQ,S13,YU,PF,2013,83.488,A,0,_Z,
OECD.GOV.GIP:DSD_GOV@DF_GOV_PF_YU(1.0),A,DEU,GGD,PT_B1GQ,S13,YU,PF,2014,83.413,A,0,_Z,
OECD.GOV.GIP:DSD_GOV@DF_GOV_PF_YU(1.0),A,BEL,GGD,PT_B1GQ,S13,YU,PF,2016,128.992,A,0,_Z,
OECD.GOV.GIP:DSD_GOV@DF_GOV_PF_YU(1.0),A,BEL,GGD,PT_B1GQ,S13,YU,PF,2017,122.94,A,0,_Z,
OECD.GOV.GIP:DSD_GOV@DF_GOV_PF_YU(1.0),A,BEL,GGD,PT_B1GQ,S13,YU,PF,2018,119.852,A,0,_Z,
OECD.GOV.GIP:DSD_GOV@DF_GOV_PF_YU(1.0),A,BEL,GGD,PT_B1GQ,S13,YU,PF,2019,121.383,A,0,_Z,
OECD.GOV.GIP:DSD_GOV@DF_GOV_PF_YU(1.0),A,BEL,GGD,PT_B1GQ,S13,YU,PF,2020,138.269,A,0,_Z,
OECD.GOV.GIP:DSD_GOV@DF_GOV_PF_YU(1.0),A,BEL,GGD,PT_B1GQ,S13,YU,PF,2021,128.298,A,0,_Z,
OECD.GOV.GIP:DSD_GOV@DF_GOV_PF_YU(1.0),A,BEL,GGD,PT_B1GQ,S13,YU,PF,2022,101.52,A,0,_Z,
OECD.GOV.GIP:DSD_GOV@DF_GOV_PF_YU(1.0),A,BEL,GGD,PT_B1GQ,S13,YU,PF,2023,104.526,A,0,_Z,
OECD.GOV.GIP:DSD_GOV@DF_GOV_PF_YU(1.0),A,BEL,GGD,PT_B1GQ,S13,YU,PF,2007,95.003,A,0,_Z,
OECD.GOV.GIP:DSD_GOV@DF_GOV_PF_YU(1.0),A,BEL,GGD,PT_B1GQ,S13,YU,PF,2008,102.808,A,0,_Z,
OECD.GOV.GIP:DSD_GOV@DF_GOV_PF_YU(1.0),A,BEL,GGD,PT_B1GQ,S13,YU,PF,2009,110.868,A,0,_Z,
OECD.GOV.GIP:DSD_GOV@DF_GOV_PF_YU(1.0),A,BEL,GGD,PT_B1GQ,S13,YU,PF,2010,109.293,A,0,_Z,
OECD.GOV.GIP:DSD_GOV@DF_GOV_PF_YU(1.0),A,BEL,GGD,PT_B1GQ,S13,YU,PF,2011,111.598,A,0,_Z,
OECD.GOV.GIP:DSD_GOV@DF_GOV_PF_YU(1.0),A,BEL,GGD,PT_B1GQ,S13,YU,PF,2012,121.212,A,0,_Z,
OECD.GOV.GIP:DSD_GOV@DF_GOV_PF_YU(1.0),A,BEL,GGD,PT_B1GQ,S13,YU,PF,2013,118.778,A,0,_Z,
OECD.GOV.GIP:DSD_GOV@DF_GOV_PF_YU(1.0),A,BEL,GGD,PT_B1GQ,S13,YU,PF,2014,130.747,A,0,_Z,
OECD.GOV.GIP:DSD_GOV@DF_GOV_PF_YU(1.0),A,SVK,GGD,PT_B1GQ,S13,YU,PF,2016,67.665,A,0,_Z,
OECD.GOV.GIP:DSD_GOV@DF_GOV_PF_YU(1.0),A,SVK,GGD,PT_B1GQ,S13,YU,PF,2017,65.508,A,0,_Z,
OECD.GOV.GIP:DSD_GOV@DF_GOV_PF_YU(1.0),A,SVK,GGD,PT_B1GQ,S13,YU,PF,2018,63.051,A,0,_Z,
OECD.GOV.GIP:DSD_GOV@DF_GOV_PF_YU(1.0),A,SVK,GGD,PT_B1GQ,S13,YU,PF,2019,62.851,A,0,_Z,
OECD.GOV.GIP:DSD_GOV@DF_GOV_PF_YU(1.0),A,SVK,GGD,PT_B1GQ,S13,YU,PF,2020,76.872,A,0,_Z,
OECD.GOV.GIP:DSD_GOV@DF_GOV_PF_YU(1.0),A,SVK,GGD,PT_B1GQ,S13,YU,PF,2021,76.885,A,0,_Z,
OECD.GOV.GIP:DSD_GOV@DF_GOV_PF_YU(1.0),A,SVK,GGD,PT_B1GQ,S13,YU,PF,2022,63.844,A,0,_Z,
OECD.GOV.GIP:DSD_GOV@DF_GOV_PF_YU(1.0),A,SVK,GGD,PT_B1GQ,S13,YU,PF,2023,63.857,A,0,_Z,
OECD.GOV.GIP:DSD_GOV@DF_GOV_PF_YU(1.0),A,SVK,GGD,PT_B1GQ,S13,YU,PF,2007,36.467,A,0,_Z,
OECD.GOV.GIP:DSD_GOV@DF_GOV_PF_YU(1.0),A,SVK,GGD,PT_B1GQ,S13,YU,PF,2008,35.336,A,0,_Z,
OECD.GOV.GIP:DSD_GOV@DF_GOV_PF_YU(1.0),A,SVK,GGD,PT_B1GQ,S13,YU,PF,2009,44.563,A,0,_Z,
OECD.GOV.GIP:DSD_GOV@DF_GOV_PF_YU(1.0),A,SVK,GGD,PT_B1GQ,S13,YU,PF,2010,48.85,A,0,_Z,
OECD.GOV.GIP:DSD_GOV@DF_GOV_PF_YU(1.0),A,SVK,GGD,PT_B1GQ,S13,YU,PF,2011,51.697,A,0,_Z,
OECD.GOV.GIP:DSD_GOV@DF_GOV_PF_YU(1.0),A,SVK,GGD,PT_B1GQ,S13,YU,PF,2012,61.147,A,0,_Z,
OECD.GOV.GIP:DSD_GOV@DF_GOV_PF_YU(1.0),A,SVK,GGD,PT_B1GQ,S13,YU,PF,2013,65.504,A,0,_Z,
OECD.GOV.GIP:DSD_GOV@DF_GOV_PF_YU(1.0),A,SVK,GGD,PT_B1GQ,S13,YU,PF,2014,67.924,A,0,_Z,
OECD.GOV.GIP:DSD_GOV@DF_GOV_PF_YU(1.0),A,AUT,GGD,PT_B1GQ,S13,YU,PF,2016,103.555,A,0,_Z,
OECD.GOV.GIP:DSD_GOV@DF_GOV_PF_YU(1.0),A,AUT,GGD,PT_B1GQ,S13,YU,PF,2017,97.494,A,0,_Z,
OECD.GOV.GIP:DSD_GOV@DF_GOV_PF_YU(1.0),A,AUT,GGD,PT_B1GQ,S13,YU,PF,2018,92.153,A,0,_Z,
OECD.GOV.GIP:DSD_GOV@DF_GOV_PF_YU(1.0),A,AUT,GGD,PT_B1GQ,S13,YU,PF,2019,90.442,A,0,_Z,
OECD.GOV.GIP:DSD_GOV@DF_GOV_PF_YU(1.0),A,AUT,GGD,PT_B1GQ,S13,YU,PF,2020,107.945,A,0,_Z,
OECD.GOV.GIP:DSD_GOV@DF_GOV_PF_YU(1.0),A,AUT,GGD,PT_B1GQ,S13,YU,PF,2021,101.649,A,0,_Z,
OECD.GOV.GIP:DSD_GOV@DF_GOV_PF_YU(1.0),A,AUT,GGD,PT_B1GQ,S13,YU,PF,2022,80.47,A,0,_Z,
OECD.GOV.GIP:DSD_GOV@DF_GOV_PF_YU(1.0),A,AUT,GGD,PT_B1GQ,S13,YU,PF,2023,82.46,A,0,_Z,
OECD.GOV.GIP:DSD_GOV@DF_GOV_PF_YU(1.0),A,AUT,GGD,PT_B1GQ,S13,YU,PF,2007,70.344,A,0,_Z,
OECD.GOV.GIP:DSD_GOV@DF_GOV_PF_YU(1.0),A,AUT,GGD,PT_B1GQ,S13,YU,PF,2008,75.631,A,0,_Z,
OECD.GOV.GIP:DSD_GOV@DF_GOV_PF_YU(1.0),A,AUT,GGD,PT_B1GQ,S13,YU,PF,2009,87.914,A,0,_Z,
OECD.GOV.GIP:DSD_GOV@DF_GOV_PF_YU(1.0),A,AUT,GGD,PT_B1GQ,S13,YU,PF,2010,92.261,A,0,_Z,
OECD.GOV.GIP:DSD_GOV@DF_GOV_PF_YU(1.0),A,AUT,GGD,PT_B1GQ,S13,YU,PF,2011,93.257,A,0,_Z,
OECD.GOV.GIP:DSD_GOV@DF_GOV_PF_YU(1.0),A,AUT,GGD,PT_B1GQ,S13,YU,PF,2012,100.813,A,0,_Z,
OECD.GOV.GIP:DSD_GOV@DF_GOV_PF_YU(1.0),A,AUT,GGD,PT_B1GQ,S13,YU,PF,2013,98.05,A,0,_Z,
OECD.GOV.GIP:DSD_GOV@DF_GOV_PF_YU(1.0),A,AUT,GGD,PT_B1GQ,S13,YU,PF,2014,105.613,A,0,_Z,
OECD.GOV.GIP:DSD_GOV@DF_GOV_PF_YU(1.0),A,NOR,GGD,PT_B1GQ,S13,YU,PF,2016,44.004,A,0,_Z,
OECD.GOV.GIP:DSD_GOV@DF_GOV_PF_YU(1.0),A,NOR,GGD,PT_B1GQ,S13,YU,PF,2017,44.292,A,0,_Z,
OECD.GOV.GIP:DSD_GOV@DF_GOV_PF_YU(1.0),A,NOR,GGD,PT_B1GQ,S13,YU,PF,2018,45.053,A,0,_Z,
OECD.GOV.GIP:DSD_GOV@DF_GOV_PF_YU(1.0),A,NOR,GGD,PT_B1GQ,S13,YU,PF,2019,46.368,A,0,_Z,
OECD.GOV.GIP:DSD_GOV@DF_GOV_PF_YU(1.0),A,NOR,GGD,PT_B1GQ,S13,YU,PF,2020,52.934,A,0,_Z,
OECD.GOV.GIP:DSD_GOV@DF_GOV_PF_YU(1.0),A,NOR,GGD,PT_B1GQ,S13,YU,PF,2021,47.59,A,0,_Z,
OECD.GOV.GIP:DSD_GOV@DF_GOV_PF_YU(1.0),A,NOR,GGD,PT_B1GQ,S13,YU,PF,2022,41.368,A,0,_Z,
OECD.GOV.GIP:DSD_GOV@DF_GOV_PF_YU(1.0),A,NOR,GGD,PT_B1GQ,S13,YU,PF,2023,49.831,A,0,_Z,
OECD.GOV.GIP:DSD_GOV@DF_GOV_PF_YU(1.0),A,NOR,GGD,PT_B1GQ,S13,YU,PF,2007,55.846,A,0,_Z,
OECD.GOV.GIP:DSD_GOV@DF_GOV_PF_YU(1.0),A,NOR,GGD,PT_B1GQ,S13,YU,PF,2008,54.462,A,0,_Z,
OECD.GOV.GIP:DSD_GOV@DF_GOV_PF_YU(1.0),A,NOR,GGD,PT_B1GQ,S13,YU,PF,2009,48.612,A,0,_Z,
OECD.GOV.GIP:DSD_GOV@DF_GOV_PF_YU(1.0),A,NOR,GGD,PT_B1GQ,S13,YU,PF,2010,48.97,A,0,_Z,
OECD.GOV.GIP:DSD_GOV@DF_GOV_PF_YU(1.0),A,NOR,GGD,PT_B1GQ,S13,YU,PF,2011,34.507,A,0,_Z,
OECD.GOV.GIP:DSD_GOV@DF_GOV_PF_YU(1.0),A,NOR,GGD,PT_B1GQ,S13,YU,PF,2012,35.646,A,0,_Z,
OECD.GOV.GIP:DSD_GOV@DF_GOV_PF_YU(1.0),A,NOR,GGD,PT_B1GQ,S13,YU,PF,2013,36.236,A,0,_Z,
OECD.GOV.GIP:DSD_GOV@DF_GOV_PF_YU(1.0),A,NOR,GGD,PT_B1GQ,S13,YU,PF,2014,34.49,A,0,_Z,
OECD.GOV.GIP:DSD_GOV@DF_GOV_PF_YU(1.0),A,NLD,GGD,PT_B1GQ,S13,YU,PF,2016,76.407,A,0,_Z,
OECD.GOV.GIP:DSD_GOV@DF_GOV_PF_YU(1.0),A,NLD,GGD,PT_B1GQ,S13,YU,PF,2017,69.829,A,0,_Z,
OECD.GOV.GIP:DSD_GOV@DF_GOV_PF_YU(1.0),A,NLD,GGD,PT_B1GQ,S13,YU,PF,2018,65.148,A,0,_Z,
OECD.GOV.GIP:DSD_GOV@DF_GOV_PF_YU(1.0),A,NLD,GGD,PT_B1GQ,S13,YU,PF,2019,61.275,A,0,_Z,
OECD.GOV.GIP:DSD_GOV@DF_GOV_PF_YU(1.0),A,NLD,GGD,PT_B1GQ,S13,YU,PF,2020,68.762,A,0,_Z,
OECD.GOV.GIP:DSD_GOV@DF_GOV_PF_YU(1.0),A,NLD,GGD,PT_B1GQ,S13,YU,PF,2021,64.302,A,0,_Z,
OECD.GOV.GIP:DSD_GOV@DF_GOV_PF_YU(1.0),A,NLD,GGD,PT_B1GQ,S13,YU,PF,2022,52.676,A,0,_Z,
OECD.GOV.GIP:DSD_GOV@DF_GOV_PF_YU(1.0),A,NLD,GGD,PT_B1GQ,S13,YU,PF,2023,49.748,A,0,_Z,
OECD.GOV.GIP:DSD_GOV@DF_GOV_PF_YU(1.0),A,NLD,GGD,PT_B1GQ,S13,YU,PF,2007,50.354,A,0,_Z,
OECD.GOV.GIP:DSD_GOV@DF_GOV_PF_YU(1.0),A,NLD,GGD,PT_B1GQ,S13,YU,PF,2008,62.469,A,0,_Z,
OECD.GOV.GIP:DSD_GOV@DF_GOV_PF_YU(1.0),A,NLD,GGD,PT_B1GQ,S13,YU,PF,2009,64.952,A,0,_Z,
OECD.GOV.GIP:DSD_GOV@DF_GOV_PF_YU(1.0),A,NLD,GGD,PT_B1GQ,S13,YU,PF,2010,69.171,A,0,_Z,
OECD.GOV.GIP:DSD_GOV@DF_GOV_PF_YU(1.0),A,NLD,GGD,PT_B1GQ,S13,YU,PF,2011,73.438,A,0,_Z,
OECD.GOV.GIP:DSD_GOV@DF_GOV_PF_YU(1.0),A,NLD,GGD,PT_B1GQ,S13,YU,PF,2012,79.035,A,0,_Z,
OECD.GOV.GIP:DSD_GOV@DF_GOV_PF_YU(1.0),A,NLD,GGD,PT_B1GQ,S13,YU,PF,2013,78.523,A,0,_Z,
OECD.GOV.GIP:DSD_GOV@DF_GOV_PF_YU(1.0),A,NLD,GGD,PT_B1GQ,S13,YU,PF,2014,82.793,A,0,_Z,
OECD.GOV.GIP:DSD_GOV@DF_GOV_PF_YU(1.0),A,HRV,GGD,PT_B1GQ,S13,YU,PF,2019,88.157,A,0,_Z,
OECD.GOV.GIP:DSD_GOV@DF_GOV_PF_YU(1.0),A,HRV,GGD,PT_B1GQ,S13,YU,PF,2020,106.524,A,0,_Z,
OECD.GOV.GIP:DSD_GOV@DF_GOV_PF_YU(1.0),A,HRV,GGD,PT_B1GQ,S13,YU,PF,2021,98.257,A,0,_Z,
OECD.GOV.GIP:DSD_GOV@DF_GOV_PF_YU(1.0),A,HRV,GGD,PT_B1GQ,S13,YU,PF,2022,89.331,A,0,_Z,
OECD.GOV.GIP:DSD_GOV@DF_GOV_PF_YU(1.0),A,HRV,GGD,PT_B1GQ,S13,YU,PF,2023,81.451,A,0,_Z,
OECD.GOV.GIP:DSD_GOV@DF_GOV_PF_YU(1.0),A,HRV,GGD,PT_B1GQ,S13,YU,PF,2007,45.004,A,0,_Z,
OECD.GOV.GIP:DSD_GOV@DF_GOV_PF_YU(1.0),A,HRV,GGD,PT_B1GQ,S13,YU,PF,2008,47.402,A,0,_Z,
OECD.GOV.GIP:DSD_GOV@DF_GOV_PF_YU(1.0),A,HRV,GGD,PT_B1GQ,S13,YU,PF,2009,58.051,A,0,_Z,
OECD.GOV.GIP:DSD_GOV@DF_GOV_PF_YU(1.0),A,HRV,GGD,PT_B1GQ,S13,YU,PF,2010,67.468,A,0,_Z,
OECD.GOV.GIP:DSD_GOV@DF_GOV_PF_YU(1.0),A,HRV,GGD,PT_B1GQ,S13,YU,PF,2011,74.101,A,0,_Z,
OECD.GOV.GIP:DSD_GOV@DF_GOV_PF_YU(1.0),A,HRV,GGD,PT_B1GQ,S13,YU,PF,2012,80.753,A,0,_Z,
OECD.GOV.GIP:DSD_GOV@DF_GOV_PF_YU(1.0),A,HRV,GGD,PT_B1GQ,S13,YU,PF,2013,89.903,A,0,_Z,
OECD.GOV.GIP:DSD_GOV@DF_GOV_PF_YU(1.0),A,HRV,GGD,PT_B1GQ,S13,YU,PF,2014,97.638,A,0,_Z,
OECD.GOV.GIP:DSD_GOV@DF_GOV_PF_YU(1.0),A,CZE,GGD,PT_B1GQ,S13,YU,PF,2011,46.908,A,0,_Z,
OECD.GOV.GIP:DSD_GOV@DF_GOV_PF_YU(1.0),A,CZE,GGD,PT_B1GQ,S13,YU,PF,2012,56.177,A,0,_Z,
OECD.GOV.GIP:DSD_GOV@DF_GOV_PF_YU(1.0),A,CZE,GGD,PT_B1GQ,S13,YU,PF,2013,55.984,A,0,_Z,
OECD.GOV.GIP:DSD_GOV@DF_GOV_PF_YU(1.0),A,CZE,GGD,PT_B1GQ,S13,YU,PF,2014,54.819,A,0,_Z,
OECD.GOV.GIP:DSD_GOV@DF_GOV_PF_YU(1.0),A,CZE,GGD,PT_B1GQ,S13,YU,PF,2015,51.955,A,0,_Z,
OECD.GOV.GIP:DSD_GOV@DF_GOV_PF_YU(1.0),A,CZE,GGD,PT_B1GQ,S13,YU,PF,2016,47.529,A,0,_Z,
OECD.GOV.GIP:DSD_GOV@DF_GOV_PF_YU(1.0),A,CZE,GGD,PT_B1GQ,S13,YU,PF,2017,43.217,A,0,_Z,
OECD.GOV.GIP:DSD_GOV@DF_GOV_PF_YU(1.0),A,CZE,GGD,PT_B1GQ,S13,YU,PF,2018,39.717,A,0,_Z,
OECD.GOV.GIP:DSD_GOV@DF_GOV_PF_YU(1.0),A,CZE,GGD,PT_B1GQ,S13,YU,PF,2019,37.236,A,0,_Z,
OECD.GOV.GIP:DSD_GOV@DF_GOV_PF_YU(1.0),A,CZE,GGD,PT_B1GQ,S13,YU,PF,2020,46.039,A,0,_Z,
OECD.GOV.GIP:DSD_GOV@DF_GOV_PF_YU(1.0),A,SVN,GGD,PT_B1GQ,S13,YU,PF,2022,71.876,A,0,_Z,
OECD.GOV.GIP:DSD_GOV@DF_GOV_PF_YU(1.0),A,SVN,GGD,PT_B1GQ,S13,YU,PF,2023,70.457,A,0,_Z,
OECD.GOV.GIP:DSD_GOV@DF_GOV_PF_YU(1.0),A,SVN,GGD,PT_B1GQ,S13,YU,PF,2007,30.907,A,0,_Z,
OECD.GOV.GIP:DSD_GOV@DF_GOV_PF_YU(1.0),A,SVN,GGD,PT_B1GQ,S13,YU,PF,2008,30.926,A,0,_Z,
OECD.GOV.GIP:DSD_GOV@DF_GOV_PF_YU(1.0),A,SVN,GGD,PT_B1GQ,S13,YU,PF,2009,45.124,A,0,_Z,
OECD.GOV.GIP:DSD_GOV@DF_GOV_PF_YU(1.0),A,SVN,GGD,PT_B1GQ,S13,YU,PF,2010,49.2,A,0,_Z,
OECD.GOV.GIP:DSD_GOV@DF_GOV_PF_YU(1.0),A,SVN,GGD,PT_B1GQ,S13,YU,PF,2011,52.721,A,0,_Z,
OECD.GOV.GIP:DSD_GOV@DF_GOV_PF_YU(1.0),A,SVN,GGD,PT_B1GQ,S13,YU,PF,2012,63.431,A,0,_Z,
OECD.GOV.GIP:DSD_GOV@DF_GOV_PF_YU(1.0),A,SVN,GGD,PT_B1GQ,S13,YU,PF,2013,80.427,A,0,_Z,
OECD.GOV.GIP:DSD_GOV@DF_GOV_PF_YU(1.0),A,SVN,GGD,PT_B1GQ,S13,YU,PF,2014,101.14,A,0,_Z,
OECD.GOV.GIP:DSD_GOV@DF_GOV_PF_YU(1.0),A,LVA,GGD,PT_B1GQ,S13,YU,PF,2016,51.645,A,0,_Z,
OECD.GOV.GIP:DSD_GOV@DF_GOV_PF_YU(1.0),A,LVA,GGD,PT_B1GQ,S13,YU,PF,2017,49.137,A,0,_Z,
OECD.GOV.GIP:DSD_GOV@DF_GOV_PF_YU(1.0),A,LVA,GGD,PT_B1GQ,S13,YU,PF,2018,48.25,A,0,_Z,
OECD.GOV.GIP:DSD_GOV@DF_GOV_PF_YU(1.0),A,LVA,GGD,PT_B1GQ,S13,YU,PF,2019,49.082,A,0,_Z,
OECD.GOV.GIP:DSD_GOV@DF_GOV_PF_YU(1.0),A,LVA,GGD,PT_B1GQ,S13,YU,PF,2020,57.144,A,0,_Z,
OECD.GOV.GIP:DSD_GOV@DF_GOV_PF_YU(1.0),A,LVA,GGD,PT_B1GQ,S13,YU,PF,2021,60.501,A,0,_Z,
OECD.GOV.GIP:DSD_GOV@DF_GOV_PF_YU(1.0),A,LVA,GGD,PT_B1GQ,S13,YU,PF,2022,54.33,A,0,_Z,
OECD.GOV.GIP:DSD_GOV@DF_GOV_PF_YU(1.0),A,LVA,GGD,PT_B1GQ,S13,YU,PF,2023,54.903,A,0,_Z,
OECD.GOV.GIP:DSD_GOV@DF_GOV_PF_YU(1.0),A,LVA,GGD,PT_B1GQ,S13,YU,PF,2007,14.003,A,0,_Z,
OECD.GOV.GIP:DSD_GOV@DF_GOV_PF_YU(1.0),A,LVA,GGD,PT_B1GQ,S13,YU,PF,2008,24.833,A,0,_Z,
OECD.GOV.GIP:DSD_GOV@DF_GOV_PF_YU(1.0),A,LVA,GGD,PT_B1GQ,S13,YU,PF,2009,43.338,A,0,_Z,
OECD.GOV.GIP:DSD_GOV@DF_GOV_PF_YU(1.0),A,LVA,GGD,PT_B1GQ,S13,YU,PF,2010,54.634,A,0,_Z,
OECD.GOV.GIP:DSD_GOV@DF_GOV_PF_YU(1.0),A,LVA,GGD,PT_B1GQ,S13,YU,PF,2011,52.79,A,0,_Z,
OECD.GOV.GIP:DSD_GOV@DF_GOV_PF_YU(1.0),A,LVA,GGD,PT_B1GQ,S13,YU,PF,2012,50.691,A,0,_Z,
OECD.GOV.GIP:DSD_GOV@DF_GOV_PF_YU(1.0),A,LVA,GGD,PT_B1GQ,S13,YU,PF,2013,47.49,A,0,_Z,
OECD.GOV.GIP:DSD_GOV@DF_GOV_PF_YU(1.0),A,LVA,GGD,PT_B1GQ,S13,YU,PF,2014,52.737,A,0,_Z,
OECD.GOV.GIP:DSD_GOV@DF_GOV_PF_YU(1.0),A,GRC,GGD,PT_B1GQ,S13,YU,PF,2016,189.048,A,0,_Z,
OECD.GOV.GIP:DSD_GOV@DF_GOV_PF_YU(1.0),A,GRC,GGD,PT_B1GQ,S13,YU,PF,2017,192.507,A,0,_Z,
OECD.GOV.GIP:DSD_GOV@DF_GOV_PF_YU(1.0),A,GRC,GGD,PT_B1GQ,S13,YU,PF,2018,198.238,A,0,_Z,
OECD.GOV.GIP:DSD_GOV@DF_GOV_PF_YU(1.0),A,GRC,GGD,PT_B1GQ,S13,YU,PF,2019,198.888,A,0,_Z,
OECD.GOV.GIP:DSD_GOV@DF_GOV_PF_YU(1.0),A,GRC,GGD,PT_B1GQ,S13,YU,PF,2020,233.787,A,0,_Z,
OECD.GOV.GIP:DSD_GOV@DF_GOV_PF_YU(1.0),A,GRC,GGD,PT_B1GQ,S13,YU,PF,2021,220.858,A,0,_Z,
OECD.GOV.GIP:DSD_GOV@DF_GOV_PF_YU(1.0),A,GRC,GGD,PT_B1GQ,S13,YU,PF,2022,191.98,A,0,_Z,
OECD.GOV.GIP:DSD_GOV@DF_GOV_PF_YU(1.0),A,GRC,GGD,PT_B1GQ,S13,YU,PF,2023,180.183,A,0,_Z,
OECD.GOV.GIP:DSD_GOV@DF_GOV_PF_YU(1.0),A,GRC,GGD,PT_B1GQ,S13,YU,PF,2007,114.683,A,0,_Z,
OECD.GOV.GIP:DSD_GOV@DF_GOV_PF_YU(1.0),A,GRC,GGD,PT_B1GQ,S13,YU,PF,2008,119.247,A,0,_Z,
OECD.GOV.GIP:DSD_GOV@DF_GOV_PF_YU(1.0),A,GRC,GGD,PT_B1GQ,S13,YU,PF,2009,137.374,A,0,_Z,
OECD.GOV.GIP:DSD_GOV@DF_GOV_PF_YU(1.0),A,GRC,GGD,PT_B1GQ,S13,YU,PF,2010,130.668,A,0,_Z,
OECD.GOV.GIP:DSD_GOV@DF_GOV_PF_YU(1.0),A,GRC,GGD,PT_B1GQ,S13,YU,PF,2011,113.482,A,0,_Z,
OECD.GOV.GIP:DSD_GOV@DF_GOV_PF_YU(1.0),A,GRC,GGD,PT_B1GQ,S13,YU,PF,2012,169.329,A,0,_Z,
OECD.GOV.GIP:DSD_GOV@DF_GOV_PF_YU(1.0),A,GRC,GGD,PT_B1GQ,S13,YU,PF,2013,183.198,A,0,_Z,
OECD.GOV.GIP:DSD_GOV@DF_GOV_PF_YU(1.0),A,GRC,GGD,PT_B1GQ,S13,YU,PF,2014,184.325,A,0,_Z,
OECD.GOV.GIP:DSD_GOV@DF_GOV_PF_YU(1.0),A,ZAF,GGD,PT_B1GQ,S13,YU,PF,2009,38.354,A,0,_Z,
OECD.GOV.GIP:DSD_GOV@DF_GOV_PF_YU(1.0),A,ZAF,GGD,PT_B1GQ,S13,YU,PF,2010,44.784,A,0,_Z,
OECD.GOV.GIP:DSD_GOV@DF_GOV_PF_YU(1.0),A,ZAF,GGD,PT_B1GQ,S13,YU,PF,2011,49.267,A,0,_Z,
OECD.GOV.GIP:DSD_GOV@DF_GOV_PF_YU(1.0),A,ZAF,GGD,PT_B1GQ,S13,YU,PF,2012,52.989,A,0,_Z,
OECD.GOV.GIP:DSD_GOV@DF_GOV_PF_YU(1.0),A,ZAF,GGD,PT_B1GQ,S13,YU,PF,2013,54.244,A,0,_Z,
OECD.GOV.GIP:DSD_GOV@DF_GOV_PF_YU(1.0),A,ZAF,GGD,PT_B1GQ,S13,YU,PF,2014,57.999,A,0,_Z,
OECD.GOV.GIP:DSD_GOV@DF_GOV_PF_YU(1.0),A,ZAF,GGD,PT_B1GQ,S13,YU,PF,2015,55.797,A,0,_Z,
OECD.GOV.GIP:DSD_GOV@DF_GOV_PF_YU(1.0),A,ZAF,GGD,PT_B1GQ,S13,YU,PF,2016,60.61,A,0,_Z,
OECD.GOV.GIP:DSD_GOV@DF_GOV_PF_YU(1.0),A,ZAF,GGD,PT_B1GQ,S13,YU,PF,2017,61.544,A,0,_Z,
OECD.GOV.GIP:DSD_GOV@DF_GOV_PF_YU(1.0),A,ZAF,GGD,PT_B1GQ,S13,YU,PF,2018,63.289,A,0,_Z,
OECD.GOV.GIP:DSD_GOV@DF_GOV_PF_YU(1.0),A,ZAF,GGD,PT_B1GQ,S13,YU,PF,2019,68.426,A,0,_Z,
OECD.GOV.GIP:DSD_GOV@DF_GOV_PF_YU(1.0),A,ZAF,GGD,PT_B1GQ,S13,YU,PF,2020,80.588,A,0,_Z,
OECD.GOV.GIP:DSD_GOV@DF_GOV_PF_YU(1.0),A,ZAF,GGD,PT_B1GQ,S13,YU,PF,2021,80.221,A,0,_Z,
OECD.GOV.GIP:DSD_GOV@DF_GOV_PF_YU(1.0),A,EST,GGD,PT_B1GQ,S13,YU,PF,2016,14.43,A,0,_Z,
OECD.GOV.GIP:DSD_GOV@DF_GOV_PF_YU(1.0),A,EST,GGD,PT_B1GQ,S13,YU,PF,2017,13.986,A,0,_Z,
OECD.GOV.GIP:DSD_GOV@DF_GOV_PF_YU(1.0),A,EST,GGD,PT_B1GQ,S13,YU,PF,2018,13.736,A,0,_Z,
OECD.GOV.GIP:DSD_GOV@DF_GOV_PF_YU(1.0),A,EST,GGD,PT_B1GQ,S13,YU,PF,2019,14.401,A,0,_Z,
OECD.GOV.GIP:DSD_GOV@DF_GOV_PF_YU(1.0),A,EST,GGD,PT_B1GQ,S13,YU,PF,2020,25.869,A,0,_Z,
OECD.GOV.GIP:DSD_GOV@DF_GOV_PF_YU(1.0),A,EST,GGD,PT_B1GQ,S13,YU,PF,2021,25.719,A,0,_Z,
OECD.GOV.GIP:DSD_GOV@DF_GOV_PF_YU(1.0),A,EST,GGD,PT_B1GQ,S13,YU,PF,2022,26.755,A,0,_Z,
OECD.GOV.GIP:DSD_GOV@DF_GOV_PF_YU(1.0),A,EST,GGD,PT_B1GQ,S13,YU,PF,2023,29.641,A,0,_Z,
OECD.GOV.GIP:DSD_GOV@DF_GOV_PF_YU(1.0),A,EST,GGD,PT_B1GQ,S13,YU,PF,2007,7.301,A,0,_Z,
OECD.GOV.GIP:DSD_GOV@DF_GOV_PF_YU(1.0),A,EST,GGD,PT_B1GQ,S13,YU,PF,2008,8.584,A,0,_Z,
OECD.GOV.GIP:DSD_GOV@DF_GOV_PF_YU(1.0),A,EST,GGD,PT_B1GQ,S13,YU,PF,2009,13.4,A,0,_Z,
OECD.GOV.GIP:DSD_GOV@DF_GOV_PF_YU(1.0),A,EST,GGD,PT_B1GQ,S13,YU,PF,2010,13.18,A,0,_Z,
OECD.GOV.GIP:DSD_GOV@DF_GOV_PF_YU(1.0),A,EST,GGD,PT_B1GQ,S13,YU,PF,2011,10.861,A,0,_Z,
OECD.GOV.GIP:DSD_GOV@DF_GOV_PF_YU(1.0),A,EST,GGD,PT_B1GQ,S13,YU,PF,2012,14.362,A,0,_Z,
OECD.GOV.GIP:DSD_GOV@DF_GOV_PF_YU(1.0),A,EST,GGD,PT_B1GQ,S13,YU,PF,2013,14.229,A,0,_Z,
OECD.GOV.GIP:DSD_GOV@DF_GOV_PF_YU(1.0),A,EST,GGD,PT_B1GQ,S13,YU,PF,2014,14.672,A,0,_Z,
OECD.GOV.GIP:DSD_GOV@DF_GOV_PF_YU(1.0),A,MEX,GGD,PT_B1GQ,S13,YU,PF,2016,50.99,A,0,_Z,
OECD.GOV.GIP:DSD_GOV@DF_GOV_PF_YU(1.0),A,MEX,GGD,PT_B1GQ,S13,YU,PF,2017,48.943,A,0,_Z,
OECD.GOV.GIP:DSD_GOV@DF_GOV_PF_YU(1.0),A,MEX,GGD,PT_B1GQ,S13,YU,PF,2018,48.053,A,0,_Z,
OECD.GOV.GIP:DSD_GOV@DF_GOV_PF_YU(1.0),A,MEX,GGD,PT_B1GQ,S13,YU,PF,2019,52.342,A,0,_Z,
OECD.GOV.GIP:DSD_GOV@DF_GOV_PF_YU(1.0),A,MEX,GGD,PT_B1GQ,S13,YU,PF,2020,62.041,A,0,_Z,
OECD.GOV.GIP:DSD_GOV@DF_GOV_PF_YU(1.0),A,MEX,GGD,PT_B1GQ,S13,YU,PF,2021,57.258,A,0,_Z,
OECD.GOV.GIP:DSD_GOV@DF_GOV_PF_YU(1.0),A,MEX,GGD,PT_B1GQ,S13,YU,PF,2022,54.911,A,0,_Z,
OECD.GOV.GIP:DSD_GOV@DF_GOV_PF_YU(1.0),A,MEX,GGD,PT_B1GQ,S13,YU,PF,2023,54.532,A,0,_Z,
OECD.GOV.GIP:DSD_GOV@DF_GOV_PF_YU(1.0),A,MEX,GGD,PT_B1GQ,S13,YU,PF,2007,41.202,A,0,_Z,
OECD.GOV.GIP:DSD_GOV@DF_GOV_PF_YU(1.0),A,MEX,GGD,PT_B1GQ,S13,YU,PF,2008,42.326,A,0,_Z,
OECD.GOV.GIP:DSD_GOV@DF_GOV_PF_YU(1.0),A,MEX,GGD,PT_B1GQ,S13,YU,PF,2009,37.464,A,0,_Z,
OECD.GOV.GIP:DSD_GOV@DF_GOV_PF_YU(1.0),A,MEX,GGD,PT_B1GQ,S13,YU,PF,2010,38.602,A,0,_Z,
OECD.GOV.GIP:DSD_GOV@DF_GOV_PF_YU(1.0),A,MEX,GGD,PT_B1GQ,S13,YU,PF,2011,42.656,A,0,_Z,
OECD.GOV.GIP:DSD_GOV@DF_GOV_PF_YU(1.0),A,MEX,GGD,PT_B1GQ,S13,YU,PF,2012,46.05,A,0,_Z,
OECD.GOV.GIP:DSD_GOV@DF_GOV_PF_YU(1.0),A,MEX,GGD,PT_B1GQ,S13,YU,PF,2013,49.366,A,0,_Z,
OECD.GOV.GIP:DSD_GOV@DF_GOV_PF_YU(1.0),A,MEX,GGD,PT_B1GQ,S13,YU,PF,2014,50.074,A,0,_Z,
OECD.GOV.GIP:DSD_GOV@DF_GOV_PF_YU(1.0),A,GBR,GGD,PT_B1GQ,S13,YU,PF,2016,117.203,A,0,_Z,
OECD.GOV.GIP:DSD_GOV@DF_GOV_PF_YU(1.0),A,GBR,GGD,PT_B1GQ,S13,YU,PF,2017,116.72,A,0,_Z,
OECD.GOV.GIP:DSD_GOV@DF_GOV_PF_YU(1.0),A,GBR,GGD,PT_B1GQ,S13,YU,PF,2018,113.39,A,0,_Z,
OECD.GOV.GIP:DSD_GOV@DF_GOV_PF_YU(1.0),A,GBR,GGD,PT_B1GQ,S13,YU,PF,2019,115.873,A,0,_Z,
OECD.GOV.GIP:DSD_GOV@DF_GOV_PF_YU(1.0),A,GBR,GGD,PT_B1GQ,S13,YU,PF,2020,147.925,A,0,_Z,
OECD.GOV.GIP:DSD_GOV@DF_GOV_PF_YU(1.0),A,GBR,GGD,PT_B1GQ,S13,YU,PF,2021,138.094,A,0,_Z,
OECD.GOV.GIP:DSD_GOV@DF_GOV_PF_YU(1.0),A,GBR,GGD,PT_B1GQ,S13,YU,PF,2022,99.434,A,0,_Z,
OECD.GOV.GIP:DSD_GOV@DF_GOV_PF_YU(1.0),A,GBR,GGD,PT_B1GQ,S13,YU,PF,2023,97.833,A,0,_Z,
OECD.GOV.GIP:DSD_GOV@DF_GOV_PF_YU(1.0),A,GBR,GGD,PT_B1GQ,S13,YU,PF,2007,51.251,A,0,_Z,
OECD.GOV.GIP:DSD_GOV@DF_GOV_PF_YU(1.0),A,GBR,GGD,PT_B1GQ,S13,YU,PF,2008,63.488,A,0,_Z,
OECD.GOV.GIP:DSD_GOV@DF_GOV_PF_YU(1.0),A,GBR,GGD,PT_B1GQ,S13,YU,PF,2009,77.085,A,0,_Z,
OECD.GOV.GIP:DSD_GOV@DF_GOV_PF_YU(1.0),A,GBR,GGD,PT_B1GQ,S13,YU,PF,2010,87.51,A,0,_Z,
OECD.GOV.GIP:DSD_GOV@DF_GOV_PF_YU(1.0),A,GBR,GGD,PT_B1GQ,S13,YU,PF,2011,101.211,A,0,_Z,
OECD.GOV.GIP:DSD_GOV@DF_GOV_PF_YU(1.0),A,GBR,GGD,PT_B1GQ,S13,YU,PF,2012,104.715,A,0,_Z,
OECD.GOV.GIP:DSD_GOV@DF_GOV_PF_YU(1.0),A,GBR,GGD,PT_B1GQ,S13,YU,PF,2013,100.525,A,0,_Z,
OECD.GOV.GIP:DSD_GOV@DF_GOV_PF_YU(1.0),A,GBR,GGD,PT_B1GQ,S13,YU,PF,2014,110.395,A,0,_Z,
OECD.GOV.GIP:DSD_GOV@DF_GOV_PF_YU(1.0),A,FRA,GGD,PT_B1GQ,S13,YU,PF,2016,124.913,A,0,_Z,
OECD.GOV.GIP:DSD_GOV@DF_GOV_PF_YU(1.0),A,FRA,GGD,PT_B1GQ,S13,YU,PF,2017,124.778,A,0,_Z,
OECD.GOV.GIP:DSD_GOV@DF_GOV_PF_YU(1.0),A,FRA,GGD,PT_B1GQ,S13,YU,PF,2018,122.762,A,0,_Z,
OECD.GOV.GIP:DSD_GOV@DF_GOV_PF_YU(1.0),A,FRA,GGD,PT_B1GQ,S13,YU,PF,2019,122.841,A,0,_Z,
OECD.GOV.GIP:DSD_GOV@DF_GOV_PF_YU(1.0),A,FRA,GGD,PT_B1GQ,S13,YU,PF,2020,144.47,A,0,_Z,
OECD.GOV.GIP:DSD_GOV@DF_GOV_PF_YU(1.0),A,FRA,GGD,PT_B1GQ,S13,YU,PF,2021,136.678,A,0,_Z,
OECD.GOV.GIP:DSD_GOV@DF_GOV_PF_YU(1.0),A,FRA,GGD,PT_B1GQ,S13,YU,PF,2022,115.345,A,0,_Z,
OECD.GOV.GIP:DSD_GOV@DF_GOV_PF_YU(1.0),A,FRA,GGD,PT_B1GQ,S13,YU,PF,2023,116.853,A,0,_Z,
OECD.GOV.GIP:DSD_GOV@DF_GOV_PF_YU(1.0),A,FRA,GGD,PT_B1GQ,S13,YU,PF,2007,77.356,A,0,_Z,
OECD.GOV.GIP:DSD_GOV@DF_GOV_PF_YU(1.0),A,FRA,GGD,PT_B1GQ,S13,YU,PF,2008,83.535,A,0,_Z,
OECD.GOV.GIP:DSD_GOV@DF_GOV_PF_YU(1.0),A,FRA,GGD,PT_B1GQ,S13,YU,PF,2009,98.078,A,0,_Z,
OECD.GOV.GIP:DSD_GOV@DF_GOV_PF_YU(1.0),A,FRA,GGD,PT_B1GQ,S13,YU,PF,2010,101.315,A,0,_Z,
OECD.GOV.GIP:DSD_GOV@DF_GOV_PF_YU(1.0),A,FRA,GGD,PT_B1GQ,S13,YU,PF,2011,103.552,A,0,_Z,
OECD.GOV.GIP:DSD_GOV@DF_GOV_PF_YU(1.0),A,FRA,GGD,PT_B1GQ,S13,YU,PF,2012,111.566,A,0,_Z,
OECD.GOV.GIP:DSD_GOV@DF_GOV_PF_YU(1.0),A,FRA,GGD,PT_B1GQ,S13,YU,PF,2013,112.927,A,0,_Z,
OECD.GOV.GIP:DSD_GOV@DF_GOV_PF_YU(1.0),A,FRA,GGD,PT_B1GQ,S13,YU,PF,2014,120.958,A,0,_Z,
OECD.GOV.GIP:DSD_GOV@DF_GOV_PF_YU(1.0),A,NZL,GGD,PT_B1GQ,S13,YU,PF,2016,40.795,A,0,_Z,
OECD.GOV.GIP:DSD_GOV@DF_GOV_PF_YU(1.0),A,NZL,GGD,PT_B1GQ,S13,YU,PF,2017,39.502,A,0,_Z,
OECD.GOV.GIP:DSD_GOV@DF_GOV_PF_YU(1.0),A,ITA,GGD,PT_B1GQ,S13,YU,PF,2023,148.084,A,0,_Z,
OECD.GOV.GIP:DSD_GOV@DF_GOV_PF_YU(1.0),A,ITA,GGD,PT_B1GQ,S13,YU,PF,2007,109.745,A,0,_Z,
OECD.GOV.GIP:DSD_GOV@DF_GOV_PF_YU(1.0),A,ITA,GGD,PT_B1GQ,S13,YU,PF,2008,112.114,A,0,_Z,
OECD.GOV.GIP:DSD_GOV@DF_GOV_PF_YU(1.0),A,ITA,GGD,PT_B1GQ,S13,YU,PF,2009,125.026,A,0,_Z,
OECD.GOV.GIP:DSD_GOV@DF_GOV_PF_YU(1.0),A,ITA,GGD,PT_B1GQ,S13,YU,PF,2010,123.812,A,0,_Z,
OECD.GOV.GIP:DSD_GOV@DF_GOV_PF_YU(1.0),A,ITA,GGD,PT_B1GQ,S13,YU,PF,2011,116.938,A,0,_Z,
OECD.GOV.GIP:DSD_GOV@DF_GOV_PF_YU(1.0),A,ITA,GGD,PT_B1GQ,S13,YU,PF,2012,135.097,A,0,_Z,
OECD.GOV.GIP:DSD_GOV@DF_GOV_PF_YU(1.0),A,ITA,GGD,PT_B1GQ,S13,YU,PF,2013,142.758,A,0,_Z,
OECD.GOV.GIP:DSD_GOV@DF_GOV_PF_YU(1.0),A,ITA,GGD,PT_B1GQ,S13,YU,PF,2014,154.792,A,0,_Z,
OECD.GOV.GIP:DSD_GOV@DF_GOV_PF_YU(1.0),A,KOR,GGD,PT_B1GQ,S13,YU,PF,2010,30.574,A,0,_Z,
OECD.GOV.GIP:DSD_GOV@DF_GOV_PF_YU(1.0),A,KOR,GGD,PT_B1GQ,S13,YU,PF,2011,33.073,A,0,_Z,
OECD.GOV.GIP:DSD_GOV@DF_GOV_PF_YU(1.0),A,KOR,GGD,PT_B1GQ,S13,YU,PF,2012,35.513,A,0,_Z,
OECD.GOV.GIP:DSD_GOV@DF_GOV_PF_YU(1.0),A,KOR,GGD,PT_B1GQ,S13,YU,PF,2013,37.091,A,0,_Z,
OECD.GOV.GIP:DSD_GOV@DF_GOV_PF_YU(1.0),A,KOR,GGD,PT_B1GQ,S13,YU,PF,2014,39.89,A,0,_Z,
OECD.GOV.GIP:DSD_GOV@DF_GOV_PF_YU(1.0),A,KOR,GGD,PT_B1GQ,S13,YU,PF,2015,41.298,A,0,_Z,
OECD.GOV.GIP:DSD_GOV@DF_GOV_PF_YU(1.0),A,KOR,GGD,PT_B1GQ,S13,YU,PF,2016,40.634,A,0,_Z,
OECD.GOV.GIP:DSD_GOV@DF_GOV_PF_YU(1.0),A,KOR,GGD,PT_B1GQ,S13,YU,PF,2017,38.644,A,0,_Z,
OECD.GOV.GIP:DSD_GOV@DF_GOV_PF_YU(1.0),A,COL,GGD,PT_B1GQ,S13,YU,PF,2017,56.11,A,0,_Z,
OECD.GOV.GIP:DSD_GOV@DF_GOV_PF_YU(1.0),A,LUX,GGD,PT_B1GQ,S13,YU,PF,2016,27.014,A,0,_Z,
OECD.GOV.GIP:DSD_GOV@DF_GOV_PF_YU(1.0),A,LUX,GGD,PT_B1GQ,S13,YU,PF,2017,28.754,A,0,_Z,
OECD.GOV.GIP:DSD_GOV@DF_GOV_PF_YU(1.0),A,LUX,GGD,PT_B1GQ,S13,YU,PF,2018,29.248,A,0,_Z,
OECD.GOV.GIP:DSD_GOV@DF_GOV_PF_YU(1.0),A,LUX,GGD,PT_B1GQ,S13,YU,PF,2019,30.832,A,0,_Z,
OECD.GOV.GIP:DSD_GOV@DF_GOV_PF_YU(1.0),A,LUX,GGD,PT_B1GQ,S13,YU,PF,2020,32.969,A,0,_Z,
OECD.GOV.GIP:DSD_GOV@DF_GOV_PF_YU(1.0),A,LUX,GGD,PT_B1GQ,S13,YU,PF,2021,31.437,A,0,_Z,
OECD.GOV.GIP:DSD_GOV@DF_GOV_PF_YU(1.0),A,LUX,GGD,PT_B1GQ,S13,YU,PF,2022,29.51,A,0,_Z,
OECD.GOV.GIP:DSD_GOV@DF_GOV_PF_YU(1.0),A,LUX,GGD,PT_B1GQ,S13,YU,PF,2023,31.361,A,0,_Z,
OECD.GOV.GIP:DSD_GOV@DF_GOV_PF_YU(1.0),A,LUX,GGD,PT_B1GQ,S13,YU,PF,2007,17.178,A,0,_Z,
OECD.GOV.GIP:DSD_GOV@DF_GOV_PF_YU(1.0),A,LUX,GGD,PT_B1GQ,S13,YU,PF,2008,24.617,A,0,_Z,
OECD.GOV.GIP:DSD_GOV@DF_GOV_PF_YU(1.0),A,LUX,GGD,PT_B1GQ,S13,YU,PF,2009,22.476,A,0,_Z,
OECD.GOV.GIP:DSD_GOV@DF_GOV_PF_YU(1.0),A,LUX,GGD,PT_B1GQ,S13,YU,PF,2010,27.269,A,0,_Z,
OECD.GOV.GIP:DSD_GOV@DF_GOV_PF_YU(1.0),A,LUX,GGD,PT_B1GQ,S13,YU,PF,2011,26.735,A,0,_Z,
OECD.GOV.GIP:DSD_GOV@DF_GOV_PF_YU(1.0),A,LUX,GGD,PT_B1GQ,S13,YU,PF,2012,27.61,A,0,_Z,
OECD.GOV.GIP:DSD_GOV@DF_GOV_PF_YU(1.0),A,LUX,GGD,PT_B1GQ,S13,YU,PF,2013,28.164,A,0,_Z,
OECD.GOV.GIP:DSD_GOV@DF_GOV_PF_YU(1.0),A,LUX,GGD,PT_B1GQ,S13,YU,PF,2014,29.047,A,0,_Z,
OECD.GOV.GIP:DSD_GOV@DF_GOV_PF_YU(1.0),A,PRT,GGD,PT_B1GQ,S13,YU,PF,2016,143.658,A,0,_Z,
OECD.GOV.GIP:DSD_GOV@DF_GOV_PF_YU(1.0),A,PRT,GGD,PT_B1GQ,S13,YU,PF,2017,142.819,A,0,_Z,
OECD.GOV.GIP:DSD_GOV@DF_GOV_PF_YU(1.0),A,PRT,GGD,PT_B1GQ,S13,YU,PF,2018,136.841,A,0,_Z,
OECD.GOV.GIP:DSD_GOV@DF_GOV_PF_YU(1.0),A,PRT,GGD,PT_B1GQ,S13,YU,PF,2019,135.085,A,0,_Z,
OECD.GOV.GIP:DSD_GOV@DF_GOV_PF_YU(1.0),A,PRT,GGD,PT_B1GQ,S13,YU,PF,2020,156.177,A,0,_Z,
OECD.GOV.GIP:DSD_GOV@DF_GOV_PF_YU(1.0),A,PRT,GGD,PT_B1GQ,S13,YU,PF,2021,142.185,A,0,_Z,
OECD.GOV.GIP:DSD_GOV@DF_GOV_PF_YU(1.0),A,PRT,GGD,PT_B1GQ,S13,YU,PF,2022,114.239,A,0,_Z,
OECD.GOV.GIP:DSD_GOV@DF_GOV_PF_YU(1.0),A,PRT,GGD,PT_B1GQ,S13,YU,PF,2023,104.952,A,0,_Z,
OECD.GOV.GIP:DSD_GOV@DF_GOV_PF_YU(1.0),A,PRT,GGD,PT_B1GQ,S13,YU,PF,2007,80.161,A,0,_Z,
OECD.GOV.GIP:DSD_GOV@DF_GOV_PF_YU(1.0),A,PRT,GGD,PT_B1GQ,S13,YU,PF,2008,84.003,A,0,_Z,
OECD.GOV.GIP:DSD_GOV@DF_GOV_PF_YU(1.0),A,PRT,GGD,PT_B1GQ,S13,YU,PF,2009,96.941,A,0,_Z,
OECD.GOV.GIP:DSD_GOV@DF_GOV_PF_YU(1.0),A,PRT,GGD,PT_B1GQ,S13,YU,PF,2010,104.725,A,0,_Z,
OECD.GOV.GIP:DSD_GOV@DF_GOV_PF_YU(1.0),A,PRT,GGD,PT_B1GQ,S13,YU,PF,2011,108.884,A,0,_Z,
OECD.GOV.GIP:DSD_GOV@DF_GOV_PF_YU(1.0),A,PRT,GGD,PT_B1GQ,S13,YU,PF,2012,136.283,A,0,_Z,
OECD.GOV.GIP:DSD_GOV@DF_GOV_PF_YU(1.0),A,PRT,GGD,PT_B1GQ,S13,YU,PF,2013,139.982,A,0,_Z,
OECD.GOV.GIP:DSD_GOV@DF_GOV_PF_YU(1.0),A,PRT,GGD,PT_B1GQ,S13,YU,PF,2014,149.779,A,0,_Z,
OECD.GOV.GIP:DSD_GOV@DF_GOV_PF_YU(1.0),A,AUS,GGD,PT_B1GQ,S13,YU,PF,2016,41.581,A,0,_Z,
OECD.GOV.GIP:DSD_GOV@DF_GOV_PF_YU(1.0),A,AUS,GGD,PT_B1GQ,S13,YU,PF,2017,43.183,A,0,_Z,
OECD.GOV.GIP:DSD_GOV@DF_GOV_PF_YU(1.0),A,AUS,GGD,PT_B1GQ,S13,YU,PF,2018,43.157,A,0,_Z,
OECD.GOV.GIP:DSD_GOV@DF_GOV_PF_YU(1.0),A,AUS,GGD,PT_B1GQ,S13,YU,PF,2019,46.806,A,0,_Z,
OECD.GOV.GIP:DSD_GOV@DF_GOV_PF_YU(1.0),A,AUS,GGD,PT_B1GQ,S13,YU,PF,2020,62.376,A,0,_Z,
OECD.GOV.GIP:DSD_GOV@DF_GOV_PF_YU(1.0),A,AUS,GGD,PT_B1GQ,S13,YU,PF,2021,59.264,A,0,_Z,
OECD.GOV.GIP:DSD_GOV@DF_GOV_PF_YU(1.0),A,AUS,GGD,PT_B1GQ,S13,YU,PF,2022,53.085,A,0,_Z,
OECD.GOV.GIP:DSD_GOV@DF_GOV_PF_YU(1.0),A,AUS,GGD,PT_B1GQ,S13,YU,PF,2023,54.521,A,0,_Z,
OECD.GOV.GIP:DSD_GOV@DF_GOV_PF_YU(1.0),A,AUS,GGD,PT_B1GQ,S13,YU,PF,2007,12.793,A,0,_Z,
OECD.GOV.GIP:DSD_GOV@DF_GOV_PF_YU(1.0),A,AUS,GGD,PT_B1GQ,S13,YU,PF,2008,15.519,A,0,_Z,
OECD.GOV.GIP:DSD_GOV@DF_GOV_PF_YU(1.0),A,AUS,GGD,PT_B1GQ,S13,YU,PF,2009,21.072,A,0,_Z,
OECD.GOV.GIP:DSD_GOV@DF_GOV_PF_YU(1.0),A,AUS,GGD,PT_B1GQ,S13,YU,PF,2010,23.625,A,0,_Z,
OECD.GOV.GIP:DSD_GOV@DF_GOV_PF_YU(1.0),A,AUS,GGD,PT_B1GQ,S13,YU,PF,2011,28.414,A,0,_Z,
OECD.GOV.GIP:DSD_GOV@DF_GOV_PF_YU(1.0),A,AUS,GGD,PT_B1GQ,S13,YU,PF,2012,32.744,A,0,_Z,
OECD.GOV.GIP:DSD_GOV@DF_GOV_PF_YU(1.0),A,AUS,GGD,PT_B1GQ,S13,YU,PF,2013,34.077,A,0,_Z,
OECD.GOV.GIP:DSD_GOV@DF_GOV_PF_YU(1.0),A,AUS,GGD,PT_B1GQ,S13,YU,PF,2014,38.218,A,0,_Z,
OECD.GOV.GIP:DSD_GOV@DF_GOV_PF_YU(1.0),A,FIN,GGD,PT_B1GQ,S13,YU,PF,2016,81.128,A,0,_Z,
OECD.GOV.GIP:DSD_GOV@DF_GOV_PF_YU(1.0),A,FIN,GGD,PT_B1GQ,S13,YU,PF,2017,78.47,A,0,_Z,
OECD.GOV.GIP:DSD_GOV@DF_GOV_PF_YU(1.0),A,FIN,GGD,PT_B1GQ,S13,YU,PF,2018,75.754,A,0,_Z,
OECD.GOV.GIP:DSD_GOV@DF_GOV_PF_YU(1.0),A,FIN,GGD,PT_B1GQ,S13,YU,PF,2019,75.614,A,0,_Z,
OECD.GOV.GIP:DSD_GOV@DF_GOV_PF_YU(1.0),A,FIN,GGD,PT_B1GQ,S13,YU,PF,2020,87.783,A,0,_Z,
OECD.GOV.GIP:DSD_GOV@DF_GOV_PF_YU(1.0),A,FIN,GGD,PT_B1GQ,S13,YU,PF,2021,82.914,A,0,_Z,
OECD.GOV.GIP:DSD_GOV@DF_GOV_PF_YU(1.0),A,FIN,GGD,PT_B1GQ,S13,YU,PF,2022,74.567,A,0,_Z,
OECD.GOV.GIP:DSD_GOV@DF_GOV_PF_YU(1.0),A,FIN,GGD,PT_B1GQ,S13,YU,PF,2023,80.364,A,0,_Z,
OECD.GOV.GIP:DSD_GOV@DF_GOV_PF_YU(1.0),A,FIN,GGD,PT_B1GQ,S13,YU,PF,2007,41.088,A,0,_Z,
OECD.GOV.GIP:DSD_GOV@DF_GOV_PF_YU(1.0),A,FIN,GGD,PT_B1GQ,S13,YU,PF,2008,40.325,A,0,_Z,
OECD.GOV.GIP:DSD_GOV@DF_GOV_PF_YU(1.0),A,FIN,GGD,PT_B1GQ,S13,YU,PF,2009,51.636,A,0,_Z,
OECD.GOV.GIP:DSD_GOV@DF_GOV_PF_YU(1.0),A,FIN,GGD,PT_B1GQ,S13,YU,PF,2010,58.016,A,0,_Z,
OECD.GOV.GIP:DSD_GOV@DF_GOV_PF_YU(1.0),A,FIN,GGD,PT_B1GQ,S13,YU,PF,2011,61.005,A,0,_Z,
OECD.GOV.GIP:DSD_GOV@DF_GOV_PF_YU(1.0),A,FIN,GGD,PT_B1GQ,S13,YU,PF,2012,68.257,A,0,_Z,
OECD.GOV.GIP:DSD_GOV@DF_GOV_PF_YU(1.0),A,FIN,GGD,PT_B1GQ,S13,YU,PF,2013,69.126,A,0,_Z,
OECD.GOV.GIP:DSD_GOV@DF_GOV_PF_YU(1.0),A,FIN,GGD,PT_B1GQ,S13,YU,PF,2014,76.284,A,0,_Z,
OECD.GOV.GIP:DSD_GOV@DF_GOV_PF_YU(1.0),A,BRA,GGD,PT_B1GQ,S13,YU,PF,2014,78.602,A,0,_Z,
OECD.GOV.GIP:DSD_GOV@DF_GOV_PF_YU(1.0),A,BRA,GGD,PT_B1GQ,S13,YU,PF,2015,85.994,A,0,_Z,
OECD.GOV.GIP:DSD_GOV@DF_GOV_PF_YU(1.0),A,BRA,GGD,PT_B1GQ,S13,YU,PF,2016,98.436,A,0,_Z,
OECD.GOV.GIP:DSD_GOV@DF_GOV_PF_YU(1.0),A,BRA,GGD,PT_B1GQ,S13,YU,PF,2017,103.988,A,0,_Z,
OECD.GOV.GIP:DSD_GOV@DF_GOV_PF_YU(1.0),A,BRA,GGD,PT_B1GQ,S13,YU,PF,2018,105.197,A,0,_Z,
OECD.GOV.GIP:DSD_GOV@DF_GOV_PF_YU(1.0),A,BRA,GGD,PT_B1GQ,S13,YU,PF,2019,110.006,A,0,_Z,
OECD.GOV.GIP:DSD_GOV@DF_GOV_PF_YU(1.0),A,BRA,GGD,PT_B1GQ,S13,YU,PF,2020,117.358,A,0,_Z,
OECD.GOV.GIP:DSD_GOV@DF_GOV_PF_YU(1.0),A,BRA,GGD,PT_B1GQ,S13,YU,PF,2021,101.274,A,0,_Z,
OECD.GOV.GIP:DSD_GOV@DF_GOV_PF_YU(1.0),A,BRA,GGD,PT_B1GQ,S13,YU,PF,2009,87.124,A,0,_Z,
OECD.GOV.GIP:DSD_GOV@DF_GOV_PF_YU(1.0),A,BRA,GGD,PT_B1GQ,S13,YU,PF,2010,84.998,A,0,_Z,
OECD.GOV.GIP:DSD_GOV@DF_GOV_PF_YU(1.0),A,BRA,GGD,PT_B1GQ,S13,YU,PF,2011,81.678,A,0,_Z,
OECD.GOV.GIP:DSD_GOV@DF_GOV_PF_YU(1.0),A,BRA,GGD,PT_B1GQ,S13,YU,PF,2012,85.962,A,0,_Z,
OECD.GOV.GIP:DSD_GOV@DF_GOV_PF_YU(1.0),A,LTU,GGD,PT_B1GQ,S13,YU,PF,2016,50.986,A,0,_Z,
OECD.GOV.GIP:DSD_GOV@DF_GOV_PF_YU(1.0),A,LTU,GGD,PT_B1GQ,S13,YU,PF,2017,47.104,A,0,_Z,
OECD.GOV.GIP:DSD_GOV@DF_GOV_PF_YU(1.0),A,LTU,GGD,PT_B1GQ,S13,YU,PF,2018,40.239,A,0,_Z,
OECD.GOV.GIP:DSD_GOV@DF_GOV_PF_YU(1.0),A,LTU,GGD,PT_B1GQ,S13,YU,PF,2019,44.154,A,0,_Z,
OECD.GOV.GIP:DSD_GOV@DF_GOV_PF_YU(1.0),A,LTU,GGD,PT_B1GQ,S13,YU,PF,2020,54.671,A,0,_Z,
OECD.GOV.GIP:DSD_GOV@DF_GOV_PF_YU(1.0),A,LTU,GGD,PT_B1GQ,S13,YU,PF,2021,50.101,A,0,_Z,
OECD.GOV.GIP:DSD_GOV@DF_GOV_PF_YU(1.0),A,LTU,GGD,PT_B1GQ,S13,YU,PF,2022,37.749,A,0,_Z,
OECD.GOV.GIP:DSD_GOV@DF_GOV_PF_YU(1.0),A,LTU,GGD,PT_B1GQ,S13,YU,PF,2023,38.487,A,0,_Z,
OECD.GOV.GIP:DSD_GOV@DF_GOV_PF_YU(1.0),A,LTU,GGD,PT_B1GQ,S13,YU,PF,2007,19.388,A,0,_Z,
OECD.GOV.GIP:DSD_GOV@DF_GOV_PF_YU(1.0),A,LTU,GGD,PT_B1GQ,S13,YU,PF,2008,17.125,A,0,_Z,
OECD.GOV.GIP:DSD_GOV@DF_GOV_PF_YU(1.0),A,LTU,GGD,PT_B1GQ,S13,YU,PF,2009,34.082,A,0,_Z,
OECD.GOV.GIP:DSD_GOV@DF_GOV_PF_YU(1.0),A,LTU,GGD,PT_B1GQ,S13,YU,PF,2010,46.104,A,0,_Z,
OECD.GOV.GIP:DSD_GOV@DF_GOV_PF_YU(1.0),A,LTU,GGD,PT_B1GQ,S13,YU,PF,2011,46.095,A,0,_Z,
OECD.GOV.GIP:DSD_GOV@DF_GOV_PF_YU(1.0),A,LTU,GGD,PT_B1GQ,S13,YU,PF,2012,51.513,A,0,_Z,
OECD.GOV.GIP:DSD_GOV@DF_GOV_PF_YU(1.0),A,LTU,GGD,PT_B1GQ,S13,YU,PF,2013,48.234,A,0,_Z,
OECD.GOV.GIP:DSD_GOV@DF_GOV_PF_YU(1.0),A,LTU,GGD,PT_B1GQ,S13,YU,PF,2014,52.906,A,0,_Z,
OECD.GOV.GIP:DSD_GOV@DF_GOV_PF_YU(1.0),A,BGR,GGD,PT_B1GQ,S13,YU,PF,2016,37.474,A,0,_Z,
OECD.GOV.GIP:DSD_GOV@DF_GOV_PF_YU(1.0),A,BGR,GGD,PT_B1GQ,S13,YU,PF,2017,34.082,A,0,_Z,
OECD.GOV.GIP:DSD_GOV@DF_GOV_PF_YU(1.0),A,BGR,GGD,PT_B1GQ,S13,YU,PF,2018,30.676,A,0,_Z,
OECD.GOV.GIP:DSD_GOV@DF_GOV_PF_YU(1.0),A,BGR,GGD,PT_B1GQ,S13,YU,PF,2019,29.078,A,0,_Z,
OECD.GOV.GIP:DSD_GOV@DF_GOV_PF_YU(1.0),A,BGR,GGD,PT_B1GQ,S13,YU,PF,2020,34.43,A,0,_Z,
OECD.GOV.GIP:DSD_GOV@DF_GOV_PF_YU(1.0),A,BGR,GGD,PT_B1GQ,S13,YU,PF,2021,34.79,A,0,_Z,
OECD.GOV.GIP:DSD_GOV@DF_GOV_PF_YU(1.0),A,BGR,GGD,PT_B1GQ,S13,YU,PF,2022,31.88,A,0,_Z,
OECD.GOV.GIP:DSD_GOV@DF_GOV_PF_YU(1.0),A,BGR,GGD,PT_B1GQ,S13,YU,PF,2023,32.024,A,0,_Z,
OECD.GOV.GIP:DSD_GOV@DF_GOV_PF_YU(1.0),A,BGR,GGD,PT_B1GQ,S13,YU,PF,2007,24.785,A,0,_Z,
OECD.GOV.GIP:DSD_GOV@DF_GOV_PF_YU(1.0),A,BGR,GGD,PT_B1GQ,S13,YU,PF,2008,18.793,A,0,_Z,
OECD.GOV.GIP:DSD_GOV@DF_GOV_PF_YU(1.0),A,BGR,GGD,PT_B1GQ,S13,YU,PF,2009,21.837,A,0,_Z,
OECD.GOV.GIP:DSD_GOV@DF_GOV_PF_YU(1.0),A,BGR,GGD,PT_B1GQ,S13,YU,PF,2010,22.647,A,0,_Z,
OECD.GOV.GIP:DSD_GOV@DF_GOV_PF_YU(1.0),A,BGR,GGD,PT_B1GQ,S13,YU,PF,2011,21.52,A,0,_Z,
OECD.GOV.GIP:DSD_GOV@DF_GOV_PF_YU(1.0),A,BGR,GGD,PT_B1GQ,S13,YU,PF,2012,23.898,A,0,_Z,
OECD.GOV.GIP:DSD_GOV@DF_GOV_PF_YU(1.0),A,BGR,GGD,PT_B1GQ,S13,YU,PF,2013,24.523,A,0,_Z,
OECD.GOV.GIP:DSD_GOV@DF_GOV_PF_YU(1.0),A,BGR,GGD,PT_B1GQ,S13,YU,PF,2014,34.702,A,0,_Z,
OECD.GOV.GIP:DSD_GOV@DF_GOV_PF_YU(1.0),A,HUN,GGD,PT_B1GQ,S13,YU,PF,2016,98.424,A,0,_Z,
OECD.GOV.GIP:DSD_GOV@DF_GOV_PF_YU(1.0),A,HUN,GGD,PT_B1GQ,S13,YU,PF,2017,93.105,A,0,_Z,
OECD.GOV.GIP:DSD_GOV@DF_GOV_PF_YU(1.0),A,HUN,GGD,PT_B1GQ,S13,YU,PF,2018,86.599,A,0,_Z,
OECD.GOV.GIP:DSD_GOV@DF_GOV_PF_YU(1.0),A,HUN,GGD,PT_B1GQ,S13,YU,PF,2019,83.599,A,0,_Z,
OECD.GOV.GIP:DSD_GOV@DF_GOV_PF_YU(1.0),A,HRV,GGD,PT_B1GQ,S13,YU,PF,2015,101.074,A,0,_Z,
OECD.GOV.GIP:DSD_GOV@DF_GOV_PF_YU(1.0),A,HRV,GGD,PT_B1GQ,S13,YU,PF,2016,98.512,A,0,_Z,
OECD.GOV.GIP:DSD_GOV@DF_GOV_PF_YU(1.0),A,HRV,GGD,PT_B1GQ,S13,YU,PF,2017,92.137,A,0,_Z,
OECD.GOV.GIP:DSD_GOV@DF_GOV_PF_YU(1.0),A,ISR,GGD,PT_B1GQ,S13,YU,PF,2016,76.906,A,0,_Z,
OECD.GOV.GIP:DSD_GOV@DF_GOV_PF_YU(1.0),A,ISR,GGD,PT_B1GQ,S13,YU,PF,2017,73.652,A,0,_Z,
OECD.GOV.GIP:DSD_GOV@DF_GOV_PF_YU(1.0),A,ISR,GGD,PT_B1GQ,S13,YU,PF,2018,71.889,A,0,_Z,
OECD.GOV.GIP:DSD_GOV@DF_GOV_PF_YU(1.0),A,ISR,GGD,PT_B1GQ,S13,YU,PF,2019,74.329,A,0,_Z,
OECD.GOV.GIP:DSD_GOV@DF_GOV_PF_YU(1.0),A,ISR,GGD,PT_B1GQ,S13,YU,PF,2020,86.319,A,0,_Z,
OECD.GOV.GIP:DSD_GOV@DF_GOV_PF_YU(1.0),A,ISR,GGD,PT_B1GQ,S13,YU,PF,2021,82.372,A,0,_Z,
OECD.GOV.GIP:DSD_GOV@DF_GOV_PF_YU(1.0),A,ISR,GGD,PT_B1GQ,S13,YU,PF,2022,68.13,A,0,_Z,
OECD.GOV.GIP:DSD_GOV@DF_GOV_PF_YU(1.0),A,ISR,GGD,PT_B1GQ,S13,YU,PF,2023,,A,0,_Z,
OECD.GOV.GIP:DSD_GOV@DF_GOV_PF_YU(1.0),A,ISR,GGD,PT_B1GQ,S13,YU,PF,2007,78.573,A,0,_Z,
OECD.GOV.GIP:DSD_GOV@DF_GOV_PF_YU(1.0),A,ISR,GGD,PT_B1GQ,S13,YU,PF,2008,79.566,A,0,_Z,
OECD.GOV.GIP:DSD_GOV@DF_GOV_PF_YU(1.0),A,ISR,GGD,PT_B1GQ,S13,YU,PF,2009,82.504,A,0,_Z,
OECD.GOV.GIP:DSD_GOV@DF_GOV_PF_YU(1.0),A,ISR,GGD,PT_B1GQ,S13,YU,PF,2010,79.368,A,0,_Z,
OECD.GOV.GIP:DSD_GOV@DF_GOV_PF_YU(1.0),A,ISR,GGD,PT_B1GQ,S13,YU,PF,2011,77.602,A,0,_Z,
OECD.GOV.GIP:DSD_GOV@DF_GOV_PF_YU(1.0),A,ISR,GGD,PT_B1GQ,S13,YU,PF,2012,78.719,A,0,_Z,
OECD.GOV.GIP:DSD_GOV@DF_GOV_PF_YU(1.0),A,ISR,GGD,PT_B1GQ,S13,YU,PF,2013,76.897,A,0,_Z,
OECD.GOV.GIP:DSD_GOV@DF_GOV_PF_YU(1.0),A,ISR,GGD,PT_B1GQ,S13,YU,PF,2014,77.562,A,0,_Z,
OECD.GOV.GIP:DSD_GOV@DF_GOV_PF_YU(1.0),A,SVN,GGD,PT_B1GQ,S13,YU,PF,2016,99.03,A,0,_Z,
OECD.GOV.GIP:DSD_GOV@DF_GOV_PF_YU(1.0),A,SVN,GGD,PT_B1GQ,S13,YU,PF,2017,90.554,A,0,_Z,
OECD.GOV.GIP:DSD_GOV@DF_GOV_PF_YU(1.0),A,SVN,GGD,PT_B1GQ,S13,YU,PF,2018,84.518,A,0,_Z,
OECD.GOV.GIP:DSD_GOV@DF_GOV_PF_YU(1.0),A,SVN,GGD,PT_B1GQ,S13,YU,PF,2019,82.022,A,0,_Z,
OECD.GOV.GIP:DSD_GOV@DF_GOV_PF_YU(1.0),A,SVN,GGD,PT_B1GQ,S13,YU,PF,2020,101.004,A,0,_Z,
OECD.GOV.GIP:DSD_GOV@DF_GOV_PF_YU(1.0),A,SVN,GGD,PT_B1GQ,S13,YU,PF,2021,90.076,A,0,_Z,
OECD.GOV.GIP:DSD_GOV@DF_GOV_PF_YU(1.0),A,IRL,GGD,PT_B1GQ,S13,YU,PF,2012,128.139,A,0,_Z,
OECD.GOV.GIP:DSD_GOV@DF_GOV_PF_YU(1.0),A,IRL,GGD,PT_B1GQ,S13,YU,PF,2013,130.953,A,0,_Z,
OECD.GOV.GIP:DSD_GOV@DF_GOV_PF_YU(1.0),A,IRL,GGD,PT_B1GQ,S13,YU,PF,2014,122.485,A,0,_Z,
OECD.GOV.GIP:DSD_GOV@DF_GOV_PF_YU(1.0),A,TUR,GGD,PT_B1GQ,S13,YU,PF,2015,31.046,A,0,_Z,
OECD.GOV.GIP:DSD_GOV@DF_GOV_PF_YU(1.0),A,TUR,GGD,PT_B1GQ,S13,YU,PF,2016,31.896,A,0,_Z,
OECD.GOV.GIP:DSD_GOV@DF_GOV_PF_YU(1.0),A,TUR,GGD,PT_B1GQ,S13,YU,PF,2017,32.276,A,0,_Z,
OECD.GOV.GIP:DSD_GOV@DF_GOV_PF_YU(1.0),A,TUR,GGD,PT_B1GQ,S13,YU,PF,2018,32.578,A,0,_Z,
OECD.GOV.GIP:DSD_GOV@DF_GOV_PF_YU(1.0),A,TUR,GGD,PT_B1GQ,S13,YU,PF,2019,35.392,A,0,_Z,
OECD.GOV.GIP:DSD_GOV@DF_GOV_PF_YU(1.0),A,TUR,GGD,PT_B1GQ,S13,YU,PF,2020,43.15,A,0,_Z,
OECD.GOV.GIP:DSD_GOV@DF_GOV_PF_YU(1.0),A,TUR,GGD,PT_B1GQ,S13,YU,PF,2021,43.371,A,0,_Z,
OECD.GOV.GIP:DSD_GOV@DF_GOV_PF_YU(1.0),A,TUR,GGD,PT_B1GQ,S13,YU,PF,2022,35.94,A,0,_Z,
OECD.GOV.GIP:DSD_GOV@DF_GOV_PF_YU(1.0),A,TUR,GGD,PT_B1GQ,S13,YU,PF,2023,34.127,A,0,_Z,
OECD.GOV.GIP:DSD_GOV@DF_GOV_PF_YU(1.0),A,TUR,GGD,PT_B1GQ,S13,YU,PF,2007,,A,0,_Z,
OECD.GOV.GIP:DSD_GOV@DF_GOV_PF_YU(1.0),A,TUR,GGD,PT_B1GQ,S13,YU,PF,2008,,A,0,_Z,
OECD.GOV.GIP:DSD_GOV@DF_GOV_PF_YU(1.0),A,TUR,GGD,PT_B1GQ,S13,YU,PF,2009,,A,0,_Z,
OECD.GOV.GIP:DSD_GOV@DF_GOV_PF_YU(1.0),A,TUR,GGD,PT_B1GQ,S13,YU,PF,2010,48.901,A,0,_Z,
OECD.GOV.GIP:DSD_GOV@DF_GOV_PF_YU(1.0),A,TUR,GGD,PT_B1GQ,S13,YU,PF,2011,43.603,A,0,_Z,
OECD.GOV.GIP:DSD_GOV@DF_GOV_PF_YU(1.0),A,TUR,GGD,PT_B1GQ,S13,YU,PF,2012,40.941,A,0,_Z,
OECD.GOV.GIP:DSD_GOV@DF_GOV_PF_YU(1.0),A,TUR,GGD,PT_B1GQ,S13,YU,PF,2013,34.284,A,0,_Z,
OECD.GOV.GIP:DSD_GOV@DF_GOV_PF_YU(1.0),A,CHL,GGD,PT_B1GQ,S13,YU,PF,2016,28.39,A,0,_Z,
OECD.GOV.GIP:DSD_GOV@DF_GOV_PF_YU(1.0),A,CHL,GGD,PT_B1GQ,S13,YU,PF,2017,29.364,A,0,_Z,
OECD.GOV.GIP:DSD_GOV@DF_GOV_PF_YU(1.0),A,CHL,GGD,PT_B1GQ,S13,YU,PF,2018,32.205,A,0,_Z,
OECD.GOV.GIP:DSD_GOV@DF_GOV_PF_YU(1.0),A,CHL,GGD,PT_B1GQ,S13,YU,PF,2019,38.768,A,0,_Z,
OECD.GOV.GIP:DSD_GOV@DF_GOV_PF_YU(1.0),A,CHL,GGD,PT_B1GQ,S13,YU,PF,2020,44.23,A,0,_Z,
OECD.GOV.GIP:DSD_GOV@DF_GOV_PF_YU(1.0),A,CHL,GGD,PT_B1GQ,S13,YU,PF,2021,42.242,A,0,_Z,
OECD.GOV.GIP:DSD_GOV@DF_GOV_PF_YU(1.0),A,CHL,GGD,PT_B1GQ,S13,YU,PF,2022,41.121,A,0,_Z,
OECD.GOV.GIP:DSD_GOV@DF_GOV_PF_YU(1.0),A,CHL,GGD,PT_B1GQ,S13,YU,PF,2023,43.231,A,0,_Z,
OECD.GOV.GIP:DSD_GOV@DF_GOV_PF_YU(1.0),A,CHL,GGD,PT_B1GQ,S13,YU,PF,2007,11.376,A,0,_Z,
OECD.GOV.GIP:DSD_GOV@DF_GOV_PF_YU(1.0),A,CHL,GGD,PT_B1GQ,S13,YU,PF,2008,12.516,A,0,_Z,
OECD.GOV.GIP:DSD_GOV@DF_GOV_PF_YU(1.0),A,CHL,GGD,PT_B1GQ,S13,YU,PF,2009,13.449,A,0,_Z,
OECD.GOV.GIP:DSD_GOV@DF_GOV_PF_YU(1.0),A,CHL,GGD,PT_B1GQ,S13,YU,PF,2010,15.403,A,0,_Z,
OECD.GOV.GIP:DSD_GOV@DF_GOV_PF_YU(1.0),A,CHL,GGD,PT_B1GQ,S13,YU,PF,2011,17.994,A,0,_Z,
OECD.GOV.GIP:DSD_GOV@DF_GOV_PF_YU(1.0),A,CHL,GGD,PT_B1GQ,S13,YU,PF,2012,18.45,A,0,_Z,
OECD.GOV.GIP:DSD_GOV@DF_GOV_PF_YU(1.0),A,CHL,GGD,PT_B1GQ,S13,YU,PF,2013,19.032,A,0,_Z,
OECD.GOV.GIP:DSD_GOV@DF_GOV_PF_YU(1.0),A,CHL,GGD,PT_B1GQ,S13,YU,PF,2014,22.375,A,0,_Z,
OECD.GOV.GIP:DSD_GOV@DF_GOV_PF_YU(1.0),A,JPN,GGD,PT_B1GQ,S13,YU,PF,2016,220.08,A,0,_Z,
OECD.GOV.GIP:DSD_GOV@DF_GOV_PF_YU(1.0),A,JPN,GGD,PT_B1GQ,S13,YU,PF,2017,219.837,A,0,_Z,
OECD.GOV.GIP:DSD_GOV@DF_GOV_PF_YU(1.0),A,JPN,GGD,PT_B1GQ,S13,YU,PF,2018,223.874,A,0,_Z,
OECD.GOV.GIP:DSD_GOV@DF_GOV_PF_YU(1.0),A,JPN,GGD,PT_B1GQ,S13,YU,PF,2019,225.289,A,0,_Z,
OECD.GOV.GIP:DSD_GOV@DF_GOV_PF_YU(1.0),A,JPN,GGD,PT_B1GQ,S13,YU,PF,2020,246.616,A,0,_Z,
OECD.GOV.GIP:DSD_GOV@DF_GOV_PF_YU(1.0),A,JPN,GGD,PT_B1GQ,S13,YU,PF,2021,243.952,A,0,_Z,
OECD.GOV.GIP:DSD_GOV@DF_GOV_PF_YU(1.0),A,JPN,GGD,PT_B1GQ,S13,YU,PF,2022,242.689,A,0,_Z,
OECD.GOV.GIP:DSD_GOV@DF_GOV_PF_YU(1.0),A,JPN,GGD,PT_B1GQ,S13,YU,PF,2023,228.592,A,0,_Z,
OECD.GOV.GIP:DSD_GOV@DF_GOV_PF_YU(1.0),A,JPN,GGD,PT_B1GQ,S13,YU,PF,2007,153.132,A,0,_Z,
OECD.GOV.GIP:DSD_GOV@DF_GOV_PF_YU(1.0),A,JPN,GGD,PT_B1GQ,S13,YU,PF,2008,158.504,A,0,_Z,
OECD.GOV.GIP:DSD_GOV@DF_GOV_PF_YU(1.0),A,JPN,GGD,PT_B1GQ,S13,YU,PF,2009,178.875,A,0,_Z,
OECD.GOV.GIP:DSD_GOV@DF_GOV_PF_YU(1.0),A,JPN,GGD,PT_B1GQ,S13,YU,PF,2010,182.96,A,0,_Z,
OECD.GOV.GIP:DSD_GOV@DF_GOV_PF_YU(1.0),A,JPN,GGD,PT_B1GQ,S13,YU,PF,2011,198.634,A,0,_Z,
OECD.GOV.GIP:DSD_GOV@DF_GOV_PF_YU(1.0),A,JPN,GGD,PT_B1GQ,S13,YU,PF,2012,207.192,A,0,_Z,
OECD.GOV.GIP:DSD_GOV@DF_GOV_PF_YU(1.0),A,JPN,GGD,PT_B1GQ,S13,YU,PF,2013,209.484,A,0,_Z,
OECD.GOV.GIP:DSD_GOV@DF_GOV_PF_YU(1.0),A,JPN,GGD,PT_B1GQ,S13,YU,PF,2014,217.004,A,0,_Z,
OECD.GOV.GIP:DSD_GOV@DF_GOV_PF_YU(1.0),A,ESP,GGD,PT_B1GQ,S13,YU,PF,2016,119.926,A,0,_Z,
OECD.GOV.GIP:DSD_GOV@DF_GOV_PF_YU(1.0),A,ESP,GGD,PT_B1GQ,S13,YU,PF,2017,118.283,A,0,_Z,
OECD.GOV.GIP:DSD_GOV@DF_GOV_PF_YU(1.0),A,ESP,GGD,PT_B1GQ,S13,YU,PF,2018,116.649,A,0,_Z,
OECD.GOV.GIP:DSD_GOV@DF_GOV_PF_YU(1.0),A,ESP,GGD,PT_B1GQ,S13,YU,PF,2019,119.628,A,0,_Z,
OECD.GOV.GIP:DSD_GOV@DF_GOV_PF_YU(1.0),A,ESP,GGD,PT_B1GQ,S13,YU,PF,2020,146.594,A,0,_Z,
OECD.GOV.GIP:DSD_GOV@DF_GOV_PF_YU(1.0),A,ESP,GGD,PT_B1GQ,S13,YU,PF,2021,139.261,A,0,_Z,
OECD.GOV.GIP:DSD_GOV@DF_GOV_PF_YU(1.0),A,ESP,GGD,PT_B1GQ,S13,YU,PF,2022,113.688,A,0,_Z,
OECD.GOV.GIP:DSD_GOV@DF_GOV_PF_YU(1.0),A,ESP,GGD,PT_B1GQ,S13,YU,PF,2023,111.052,A,0,_Z,
OECD.GOV.GIP:DSD_GOV@DF_GOV_PF_YU(1.0),A,ESP,GGD,PT_B1GQ,S13,YU,PF,2007,42.274,A,0,_Z,
OECD.GOV.GIP:DSD_GOV@DF_GOV_PF_YU(1.0),A,ESP,GGD,PT_B1GQ,S13,YU,PF,2008,47.561,A,0,_Z,
OECD.GOV.GIP:DSD_GOV@DF_GOV_PF_YU(1.0),A,ESP,GGD,PT_B1GQ,S13,YU,PF,2009,62.442,A,0,_Z,
OECD.GOV.GIP:DSD_GOV@DF_GOV_PF_YU(1.0),A,ESP,GGD,PT_B1GQ,S13,YU,PF,2010,67.099,A,0,_Z,
OECD.GOV.GIP:DSD_GOV@DF_GOV_PF_YU(1.0),A,ESP,GGD,PT_B1GQ,S13,YU,PF,2011,77.978,A,0,_Z,
OECD.GOV.GIP:DSD_GOV@DF_GOV_PF_YU(1.0),A,ESP,GGD,PT_B1GQ,S13,YU,PF,2012,96.7,A,0,_Z,
OECD.GOV.GIP:DSD_GOV@DF_GOV_PF_YU(1.0),A,ESP,GGD,PT_B1GQ,S13,YU,PF,2013,110.721,A,0,_Z,
OECD.GOV.GIP:DSD_GOV@DF_GOV_PF_YU(1.0),A,ESP,GGD,PT_B1GQ,S13,YU,PF,2014,123.066,A,0,_Z,
OECD.GOV.GIP:DSD_GOV@DF_GOV_PF_YU(1.0),A,ROU,GGD,PT_B1GQ,S13,YU,PF,2022,52.131,A,0,_Z,
OECD.GOV.GIP:DSD_GOV@DF_GOV_PF_YU(1.0),A,DNK,GGD,PT_B1GQ,S13,YU,PF,2015,58.03,A,0,_Z,
OECD.GOV.GIP:DSD_GOV@DF_GOV_PF_YU(1.0),A,ISL,GGD,PT_B1GQ,S13,YU,PF,2015,103.153,A,0,_Z,
OECD.GOV.GIP:DSD_GOV@DF_GOV_PF_YU(1.0),A,CZE,GGD,PT_B1GQ,S13,YU,PF,2022,45.854,A,0,_Z,
OECD.GOV.GIP:DSD_GOV@DF_GOV_PF_YU(1.0),A,USA,GGD,PT_B1GQ,S13,YU,PF,2015,104.611,A,0,_Z,
OECD.GOV.GIP:DSD_GOV@DF_GOV_PF_YU(1.0),A,POL,GGD,PT_B1GQ,S13,YU,PF,2015,69.985,A,0,_Z,
OECD.GOV.GIP:DSD_GOV@DF_GOV_PF_YU(1.0),A,CHE,GGD,PT_B1GQ,S13,YU,PF,2015,42.867,A,0,_Z,
OECD.GOV.GIP:DSD_GOV@DF_GOV_PF_YU(1.0),A,ITA,GGD,PT_B1GQ,S13,YU,PF,2015,155.808,A,0,_Z,
OECD.GOV.GIP:DSD_GOV@DF_GOV_PF_YU(1.0),A,KOR,GGD,PT_B1GQ,S13,YU,PF,2009,28.771,A,0,_Z,
OECD.GOV.GIP:DSD_GOV@DF_GOV_PF_YU(1.0),A,DEU,GGD,PT_B1GQ,S13,YU,PF,2015,79.276,A,0,_Z,
OECD.GOV.GIP:DSD_GOV@DF_GOV_PF_YU(1.0),A,BEL,GGD,PT_B1GQ,S13,YU,PF,2015,127.419,A,0,_Z,
OECD.GOV.GIP:DSD_GOV@DF_GOV_PF_YU(1.0),A,SVK,GGD,PT_B1GQ,S13,YU,PF,2015,66.395,A,0,_Z,
OECD.GOV.GIP:DSD_GOV@DF_GOV_PF_YU(1.0),A,AUT,GGD,PT_B1GQ,S13,YU,PF,2015,103.842,A,0,_Z,
OECD.GOV.GIP:DSD_GOV@DF_GOV_PF_YU(1.0),A,NOR,GGD,PT_B1GQ,S13,YU,PF,2015,39.977,A,0,_Z,
OECD.GOV.GIP:DSD_GOV@DF_GOV_PF_YU(1.0),A,NLD,GGD,PT_B1GQ,S13,YU,PF,2015,78.841,A,0,_Z,
OECD.GOV.GIP:DSD_GOV@DF_GOV_PF_YU(1.0),A,HRV,GGD,PT_B1GQ,S13,YU,PF,2018,90.3,A,0,_Z,
OECD.GOV.GIP:DSD_GOV@DF_GOV_PF_YU(1.0),A,ISR,GGD,PT_B1GQ,S13,YU,PF,2015,78.34,A,0,_Z,
OECD.GOV.GIP:DSD_GOV@DF_GOV_PF_YU(1.0),A,SVN,GGD,PT_B1GQ,S13,YU,PF,2015,104.165,A,0,_Z,
OECD.GOV.GIP:DSD_GOV@DF_GOV_PF_YU(1.0),A,LVA,GGD,PT_B1GQ,S13,YU,PF,2015,47.809,A,0,_Z,
OECD.GOV.GIP:DSD_GOV@DF_GOV_PF_YU(1.0),A,GRC,GGD,PT_B1GQ,S13,YU,PF,2015,185.291,A,0,_Z,
OECD.GOV.GIP:DSD_GOV@DF_GOV_PF_YU(1.0),A,ZAF,GGD,PT_B1GQ,S13,YU,PF,2022,74.97,A,0,_Z,
OECD.GOV.GIP:DSD_GOV@DF_GOV_PF_YU(1.0),A,EST,GGD,PT_B1GQ,S13,YU,PF,2015,13.907,A,0,_Z,
OECD.GOV.GIP:DSD_GOV@DF_GOV_PF_YU(1.0),A,MEX,GGD,PT_B1GQ,S13,YU,PF,2015,52.464,A,0,_Z,
OECD.GOV.GIP:DSD_GOV@DF_GOV_PF_YU(1.0),A,GBR,GGD,PT_B1GQ,S13,YU,PF,2015,110.007,A,0,_Z,
OECD.GOV.GIP:DSD_GOV@DF_GOV_PF_YU(1.0),A,FRA,GGD,PT_B1GQ,S13,YU,PF,2015,121.549,A,0,_Z,
OECD.GOV.GIP:DSD_GOV@DF_GOV_PF_YU(1.0),A,NZL,GGD,PT_B1GQ,S13,YU,PF,2015,41.816,A,0,_Z,
OECD.GOV.GIP:DSD_GOV@DF_GOV_PF_YU(1.0),A,CAN,GGD,PT_B1GQ,S13,YU,PF,2016,99.449,A,0,_Z,
OECD.GOV.GIP:DSD_GOV@DF_GOV_PF_YU(1.0),A,COL,GGD,PT_B1GQ,S13,YU,PF,2018,60.175,A,0,_Z,
OECD.GOV.GIP:DSD_GOV@DF_GOV_PF_YU(1.0),A,LUX,GGD,PT_B1GQ,S13,YU,PF,2015,29.131,A,0,_Z,
OECD.GOV.GIP:DSD_GOV@DF_GOV_PF_YU(1.0),A,PRT,GGD,PT_B1GQ,S13,YU,PF,2015,147.901,A,0,_Z,
OECD.GOV.GIP:DSD_GOV@DF_GOV_PF_YU(1.0),A,AUS,GGD,PT_B1GQ,S13,YU,PF,2015,40.001,A,0,_Z,
OECD.GOV.GIP:DSD_GOV@DF_GOV_PF_YU(1.0),A,FIN,GGD,PT_B1GQ,S13,YU,PF,2015,80.375,A,0,_Z,
OECD.GOV.GIP:DSD_GOV@DF_GOV_PF_YU(1.0),A,BRA,GGD,PT_B1GQ,S13,YU,PF,2013,76.422,A,0,_Z,
OECD.GOV.GIP:DSD_GOV@DF_GOV_PF_YU(1.0),A,LTU,GGD,PT_B1GQ,S13,YU,PF,2015,53.196,A,0,_Z,
OECD.GOV.GIP:DSD_GOV@DF_GOV_PF_YU(1.0),A,BGR,GGD,PT_B1GQ,S13,YU,PF,2015,32.468,A,0,_Z,
OECD.GOV.GIP:DSD_GOV@DF_GOV_PF_YU(1.0),A,HUN,GGD,PT_B1GQ,S13,YU,PF,2015,98.798,A,0,_Z,
OECD.GOV.GIP:DSD_GOV@DF_GOV_PF_YU(1.0),A,SWE,GGD,PT_B1GQ,S13,YU,PF,2009,49.554,A,0,_Z,
OECD.GOV.GIP:DSD_GOV@DF_GOV_PF_YU(1.0),A,IRL,GGD,PT_B1GQ,S13,YU,PF,2015,89.288,A,0,_Z,
OECD.GOV.GIP:DSD_GOV@DF_GOV_PF_YU(1.0),A,TUR,GGD,PT_B1GQ,S13,YU,PF,2014,33.234,A,0,_Z,
OECD.GOV.GIP:DSD_GOV@DF_GOV_PF_YU(1.0),A,NZL,GGD,PT_B1GQ,S13,YU,PF,2018,37.434,A,0,_Z,
OECD.GOV.GIP:DSD_GOV@DF_GOV_PF_YU(1.0),A,NZL,GGD,PT_B1GQ,S13,YU,PF,2019,34.164,A,0,_Z,
OECD.GOV.GIP:DSD_GOV@DF_GOV_PF_YU(1.0),A,NZL,GGD,PT_B1GQ,S13,YU,PF,2020,46.808,A,0,_Z,
OECD.GOV.GIP:DSD_GOV@DF_GOV_PF_YU(1.0),A,NZL,GGD,PT_B1GQ,S13,YU,PF,2021,53.202,A,0,_Z,
OECD.GOV.GIP:DSD_GOV@DF_GOV_PF_YU(1.0),A,NZL,GGD,PT_B1GQ,S13,YU,PF,2022,56.735,A,0,_Z,
OECD.GOV.GIP:DSD_GOV@DF_GOV_PF_YU(1.0),A,NZL,GGD,PT_B1GQ,S13,YU,PF,2023,53.995,A,0,_Z,
OECD.GOV.GIP:DSD_GOV@DF_GOV_PF_YU(1.0),A,NZL,GGD,PT_B1GQ,S13,YU,PF,2007,25.729,A,0,_Z,
OECD.GOV.GIP:DSD_GOV@DF_GOV_PF_YU(1.0),A,NZL,GGD,PT_B1GQ,S13,YU,PF,2008,27.673,A,0,_Z,
OECD.GOV.GIP:DSD_GOV@DF_GOV_PF_YU(1.0),A,NZL,GGD,PT_B1GQ,S13,YU,PF,2009,30.235,A,0,_Z,
OECD.GOV.GIP:DSD_GOV@DF_GOV_PF_YU(1.0),A,NZL,GGD,PT_B1GQ,S13,YU,PF,2010,33.608,A,0,_Z,
OECD.GOV.GIP:DSD_GOV@DF_GOV_PF_YU(1.0),A,NZL,GGD,PT_B1GQ,S13,YU,PF,2011,42.367,A,0,_Z,
OECD.GOV.GIP:DSD_GOV@DF_GOV_PF_YU(1.0),A,NZL,GGD,PT_B1GQ,S13,YU,PF,2012,45.605,A,0,_Z,
OECD.GOV.GIP:DSD_GOV@DF_GOV_PF_YU(1.0),A,NZL,GGD,PT_B1GQ,S13,YU,PF,2013,42.362,A,0,_Z,
OECD.GOV.GIP:DSD_GOV@DF_GOV_PF_YU(1.0),A,NZL,GGD,PT_B1GQ,S13,YU,PF,2014,42.176,A,0,_Z,
OECD.GOV.GIP:DSD_GOV@DF_GOV_PF_YU(1.0),A,CAN,GGD,PT_B1GQ,S13,YU,PF,2017,96.142,A,0,_Z,
OECD.GOV.GIP:DSD_GOV@DF_GOV_PF_YU(1.0),A,CAN,GGD,PT_B1GQ,S13,YU,PF,2018,95.242,A,0,_Z,
OECD.GOV.GIP:DSD_GOV@DF_GOV_PF_YU(1.0),A,CAN,GGD,PT_B1GQ,S13,YU,PF,2019,96.69,A,0,_Z,
OECD.GOV.GIP:DSD_GOV@DF_GOV_PF_YU(1.0),A,CAN,GGD,PT_B1GQ,S13,YU,PF,2020,128.579,A,0,_Z,
OECD.GOV.GIP:DSD_GOV@DF_GOV_PF_YU(1.0),A,CAN,GGD,PT_B1GQ,S13,YU,PF,2021,117.811,A,0,_Z,
OECD.GOV.GIP:DSD_GOV@DF_GOV_PF_YU(1.0),A,CAN,GGD,PT_B1GQ,S13,YU,PF,2022,98.796,A,0,_Z,
OECD.GOV.GIP:DSD_GOV@DF_GOV_PF_YU(1.0),A,CAN,GGD,PT_B1GQ,S13,YU,PF,2023,104.022,A,0,_Z,
OECD.GOV.GIP:DSD_GOV@DF_GOV_PF_YU(1.0),A,CAN,GGD,PT_B1GQ,S13,YU,PF,2007,71.325,A,0,_Z,
OECD.GOV.GIP:DSD_GOV@DF_GOV_PF_YU(1.0),A,CAN,GGD,PT_B1GQ,S13,YU,PF,2008,74.235,A,0,_Z,
OECD.GOV.GIP:DSD_GOV@DF_GOV_PF_YU(1.0),A,CAN,GGD,PT_B1GQ,S13,YU,PF,2009,86.592,A,0,_Z,
OECD.GOV.GIP:DSD_GOV@DF_GOV_PF_YU(1.0),A,CAN,GGD,PT_B1GQ,S13,YU,PF,2010,89.554,A,0,_Z,
OECD.GOV.GIP:DSD_GOV@DF_GOV_PF_YU(1.0),A,CAN,GGD,PT_B1GQ,S13,YU,PF,2011,92.573,A,0,_Z,
OECD.GOV.GIP:DSD_GOV@DF_GOV_PF_YU(1.0),A,CAN,GGD,PT_B1GQ,S13,YU,PF,2012,95.197,A,0,_Z,
OECD.GOV.GIP:DSD_GOV@DF_GOV_PF_YU(1.0),A,CAN,GGD,PT_B1GQ,S13,YU,PF,2013,92.194,A,0,_Z,
OECD.GOV.GIP:DSD_GOV@DF_GOV_PF_YU(1.0),A,CAN,GGD,PT_B1GQ,S13,YU,PF,2014,93.158,A,0,_Z,
OECD.GOV.GIP:DSD_GOV@DF_GOV_PF_YU(1.0),A,CAN,GGD,PT_B1GQ,S13,YU,PF,2015,99.652,A,0,_Z,
OECD.GOV.GIP:DSD_GOV@DF_GOV_PF_YU(1.0),A,COL,GGD,PT_B1GQ,S13,YU,PF,2019,63.109,A,0,_Z,
OECD.GOV.GIP:DSD_GOV@DF_GOV_PF_YU(1.0),A,COL,GGD,PT_B1GQ,S13,YU,PF,2015,49.574,A,0,_Z,
OECD.GOV.GIP:DSD_GOV@DF_GOV_PF_YU(1.0),A,COL,GGD,PT_B1GQ,S13,YU,PF,2016,53.644,A,0,_Z,
OECD.GOV.GIP:DSD_GOV@DF_GOV_PF_YU(1.0),A,HUN,GGD,PT_B1GQ,S13,YU,PF,2020,96.497,A,0,_Z,
OECD.GOV.GIP:DSD_GOV@DF_GOV_PF_YU(1.0),A,HUN,GGD,PT_B1GQ,S13,YU,PF,2021,88.3,A,0,_Z,
OECD.GOV.GIP:DSD_GOV@DF_GOV_PF_YU(1.0),A,HUN,GGD,PT_B1GQ,S13,YU,PF,2022,77.333,A,0,_Z,
OECD.GOV.GIP:DSD_GOV@DF_GOV_PF_YU(1.0),A,HUN,GGD,PT_B1GQ,S13,YU,PF,2023,81.912,A,0,_Z,
OECD.GOV.GIP:DSD_GOV@DF_GOV_PF_YU(1.0),A,HUN,GGD,PT_B1GQ,S13,YU,PF,2007,71.895,A,0,_Z,
OECD.GOV.GIP:DSD_GOV@DF_GOV_PF_YU(1.0),A,HUN,GGD,PT_B1GQ,S13,YU,PF,2008,75.793,A,0,_Z,
OECD.GOV.GIP:DSD_GOV@DF_GOV_PF_YU(1.0),A,HUN,GGD,PT_B1GQ,S13,YU,PF,2009,85.076,A,0,_Z,
OECD.GOV.GIP:DSD_GOV@DF_GOV_PF_YU(1.0),A,HUN,GGD,PT_B1GQ,S13,YU,PF,2010,86.243,A,0,_Z,
OECD.GOV.GIP:DSD_GOV@DF_GOV_PF_YU(1.0),A,HUN,GGD,PT_B1GQ,S13,YU,PF,2011,95.295,A,0,_Z,
OECD.GOV.GIP:DSD_GOV@DF_GOV_PF_YU(1.0),A,HUN,GGD,PT_B1GQ,S13,YU,PF,2012,98.682,A,0,_Z,
OECD.GOV.GIP:DSD_GOV@DF_GOV_PF_YU(1.0),A,HUN,GGD,PT_B1GQ,S13,YU,PF,2013,97.229,A,0,_Z,
OECD.GOV.GIP:DSD_GOV@DF_GOV_PF_YU(1.0),A,HUN,GGD,PT_B1GQ,S13,YU,PF,2014,100.559,A,0,_Z,
OECD.GOV.GIP:DSD_GOV@DF_GOV_PF_YU(1.0),A,SWE,GGD,PT_B1GQ,S13,YU,PF,2010,47.314,A,0,_Z,
OECD.GOV.GIP:DSD_GOV@DF_GOV_PF_YU(1.0),A,SWE,GGD,PT_B1GQ,S13,YU,PF,2011,47.338,A,0,_Z,
OECD.GOV.GIP:DSD_GOV@DF_GOV_PF_YU(1.0),A,SWE,GGD,PT_B1GQ,S13,YU,PF,2012,48.151,A,0,_Z,
OECD.GOV.GIP:DSD_GOV@DF_GOV_PF_YU(1.0),A,SWE,GGD,PT_B1GQ,S13,YU,PF,2013,50.655,A,0,_Z,
OECD.GOV.GIP:DSD_GOV@DF_GOV_PF_YU(1.0),A,SWE,GGD,PT_B1GQ,S13,YU,PF,2014,57.04,A,0,_Z,
OECD.GOV.GIP:DSD_GOV@DF_GOV_PF_YU(1.0),A,SWE,GGD,PT_B1GQ,S13,YU,PF,2015,55.49,A,0,_Z,
OECD.GOV.GIP:DSD_GOV@DF_GOV_PF_YU(1.0),A,SWE,GGD,PT_B1GQ,S13,YU,PF,2016,54.57,A,0,_Z,
OECD.GOV.GIP:DSD_GOV@DF_GOV_PF_YU(1.0),A,SWE,GGD,PT_B1GQ,S13,YU,PF,2017,52.407,A,0,_Z,
OECD.GOV.GIP:DSD_GOV@DF_GOV_PF_YU(1.0),A,SWE,GGD,PT_B1GQ,S13,YU,PF,2018,51.231,A,0,_Z,
OECD.GOV.GIP:DSD_GOV@DF_GOV_PF_YU(1.0),A,SWE,GGD,PT_B1GQ,S13,YU,PF,2019,47.458,A,0,_Z,
OECD.GOV.GIP:DSD_GOV@DF_GOV_PF_YU(1.0),A,SWE,GGD,PT_B1GQ,S13,YU,PF,2020,53.138,A,0,_Z,
OECD.GOV.GIP:DSD_GOV@DF_GOV_PF_YU(1.0),A,SWE,GGD,PT_B1GQ,S13,YU,PF,2021,49.241,A,0,_Z,
OECD.GOV.GIP:DSD_GOV@DF_GOV_PF_YU(1.0),A,SWE,GGD,PT_B1GQ,S13,YU,PF,2022,44.469,A,0,_Z,
OECD.GOV.GIP:DSD_GOV@DF_GOV_PF_YU(1.0),A,SWE,GGD,PT_B1GQ,S13,YU,PF,2023,41.834,A,0,_Z,
OECD.GOV.GIP:DSD_GOV@DF_GOV_PF_YU(1.0),A,SWE,GGD,PT_B1GQ,S13,YU,PF,2007,47.931,A,0,_Z,
OECD.GOV.GIP:DSD_GOV@DF_GOV_PF_YU(1.0),A,SWE,GGD,PT_B1GQ,S13,YU,PF,2008,46.839,A,0,_Z,
OECD.GOV.GIP:DSD_GOV@DF_GOV_PF_YU(1.0),A,IRL,GGD,PT_B1GQ,S13,YU,PF,2016,87.219,A,0,_Z,
OECD.GOV.GIP:DSD_GOV@DF_GOV_PF_YU(1.0),A,IRL,GGD,PT_B1GQ,S13,YU,PF,2017,76.642,A,0,_Z,
OECD.GOV.GIP:DSD_GOV@DF_GOV_PF_YU(1.0),A,IRL,GGD,PT_B1GQ,S13,YU,PF,2018,74.535,A,0,_Z,
OECD.GOV.GIP:DSD_GOV@DF_GOV_PF_YU(1.0),A,IRL,GGD,PT_B1GQ,S13,YU,PF,2019,68.912,A,0,_Z,
OECD.GOV.GIP:DSD_GOV@DF_GOV_PF_YU(1.0),A,IRL,GGD,PT_B1GQ,S13,YU,PF,2020,71.525,A,0,_Z,
OECD.GOV.GIP:DSD_GOV@DF_GOV_PF_YU(1.0),A,IRL,GGD,PT_B1GQ,S13,YU,PF,2021,63.02,A,0,_Z,
OECD.GOV.GIP:DSD_GOV@DF_GOV_PF_YU(1.0),A,IRL,GGD,PT_B1GQ,S13,YU,PF,2022,45.365,A,0,_Z,
OECD.GOV.GIP:DSD_GOV@DF_GOV_PF_YU(1.0),A,IRL,GGD,PT_B1GQ,S13,YU,PF,2023,46.411,A,0,_Z,
OECD.GOV.GIP:DSD_GOV@DF_GOV_PF_YU(1.0),A,IRL,GGD,PT_B1GQ,S13,YU,PF,2007,27.475,A,0,_Z,
OECD.GOV.GIP:DSD_GOV@DF_GOV_PF_YU(1.0),A,IRL,GGD,PT_B1GQ,S13,YU,PF,2008,47.291,A,0,_Z,
OECD.GOV.GIP:DSD_GOV@DF_GOV_PF_YU(1.0),A,IRL,GGD,PT_B1GQ,S13,YU,PF,2009,67.47,A,0,_Z,
